id,form,name,type1,type2,ability1,ability2,ability3,hp,a,b,c,d,s,weight,weight_move,is_fully_evolved
1,0,フシギダネ,草,毒,しんりょく,-,ようりょくそ,45,49,49,65,65,45,6.9,20,FALSE
2,0,フシギソウ,草,毒,しんりょく,-,ようりょくそ,60,62,63,80,80,60,13,40,FALSE
3,0,フシギバナ,草,毒,しんりょく,-,ようりょくそ,80,82,83,100,100,80,100,100,TRUE
3,1,メガフシギバナ,草,毒,あついしぼう,-,-,80,100,123,122,120,80,155.5,100,TRUE
4,0,ヒトカゲ,炎,-,もうか,-,サンパワー,39,52,43,60,50,65,8.5,20,
5,0,リザード,炎,-,もうか,-,サンパワー,58,64,58,80,65,80,19,40,
6,0,リザードン,炎,飛,もうか,-,サンパワー,78,84,78,109,85,100,90.5,80,
6,1,メガリザードンX,炎,竜,かたいツメ,-,-,78,130,111,130,85,100,110.5,100,
6,2,メガリザードンY,炎,飛,ひでり,-,-,78,104,78,159,115,100,100.5,100,
7,0,ゼニガメ,水,-,げきりゅう,-,あめうけざら,44,48,65,50,64,43,9,20,
8,0,カメール,水,-,げきりゅう,-,あめうけざら,59,63,80,65,80,58,22.5,40,
9,0,カメックス,水,-,げきりゅう,-,あめうけざら,79,83,100,85,105,78,85.5,80,
9,1,メガカメックス,水,-,メガランチャー,-,-,79,103,120,135,115,78,101.1,100,
10,0,キャタピー,虫,-,りんぷん,-,にげあし,45,30,35,20,20,45,2.9,20,
11,0,トランセル,虫,-,だっぴ,-,-,50,20,55,25,25,30,9.9,20,
12,0,バタフリー,虫,飛,ふくがん,-,いろめがね,60,45,50,90,80,70,32,60,
13,0,ビードル,虫,毒,りんぷん,-,にげあし,40,35,30,20,20,50,3.2,20,
14,0,コクーン,虫,毒,だっぴ,-,-,45,25,50,25,25,35,10,40,
15,0,スピアー,虫,毒,むしのしらせ,-,スナイパー,65,90,40,45,80,75,29.5,60,
15,1,メガスピアー,虫,毒,てきおうりょく,-,-,65,150,40,15,80,145,40.5,60,
16,0,ポッポ,ノ,飛,するどいめ,ちどりあし,はとむね,40,45,40,35,35,56,1.8,20,
17,0,ピジョン,ノ,飛,するどいめ,ちどりあし,はとむね,63,60,55,50,50,71,30,60,
18,0,ピジョット,ノ,飛,するどいめ,ちどりあし,はとむね,83,80,75,70,70,101,39.5,60,
18,1,メガピジョット,ノ,飛,ノーガード,-,-,83,80,80,135,80,121,50.5,80,
19,0,コラッタ,ノ,-,にげあし,こんじょう,はりきり,30,56,35,25,35,72,3.5,20,
19,1,コラッタ_A,悪,ノ,くいしんぼう,はりきり,あついしぼう,30,56,35,25,35,72,3.8,20,
20,0,ラッタ,ノ,-,にげあし,こんじょう,はりきり,55,81,60,50,70,97,18.5,40,
20,1,ラッタ_A,悪,ノ,くいしんぼう,はりきり,あついしぼう,75,71,70,40,80,77,25.5,60,
21,0,オニスズメ,ノ,飛,するどいめ,-,スナイパー,40,60,30,31,31,70,2,20,
22,0,オニドリル,ノ,飛,するどいめ,-,スナイパー,65,90,65,61,61,100,38,60,
23,0,アーボ,毒,-,いかく,だっぴ,きんちょうかん,35,60,44,40,54,55,6.9,20,
24,0,アーボック,毒,-,いかく,だっぴ,きんちょうかん,60,95,69,65,79,80,65,80,
25,0,ピカチュウ,電,-,せいでんき,-,ひらいしん,35,55,40,50,50,90,6,20,
26,0,ライチュウ,電,-,せいでんき,-,ひらいしん,60,90,55,90,80,110,30,60,
26,1,ライチュウ_A,電,超,サーフテール,-,-,60,85,50,95,85,110,21,40,
27,0,サンド,地,-,すながくれ,-,すなかき,50,75,85,20,30,40,12,40,
27,1,サンド_A,氷,鋼,ゆきがくれ,-,ゆきかき,50,75,90,10,35,40,40,60,
28,0,サンドパン,地,-,すながくれ,-,すなかき,75,100,110,45,55,65,29.5,60,
28,1,サンドパン_A,氷,鋼,ゆきがくれ,-,ゆきかき,75,100,120,25,65,65,55,80,
29,0,ニドラン♀,毒,-,どくのトゲ,とうそうしん,はりきり,55,47,52,40,40,41,7,20,
30,0,ニドリーナ,毒,-,どくのトゲ,とうそうしん,はりきり,70,62,67,55,55,56,20,40,
31,0,ニドクイン,毒,地,どくのトゲ,とうそうしん,ちからずく,90,92,87,75,85,76,60,80,
32,0,ニドラン♂,毒,-,どくのトゲ,とうそうしん,はりきり,46,57,40,40,40,50,9,20,
33,0,ニドリーノ,毒,-,どくのトゲ,とうそうしん,はりきり,61,72,57,55,55,65,19.5,40,
34,0,ニドキング,毒,地,どくのトゲ,とうそうしん,ちからずく,81,102,77,85,75,85,62,80,
35,0,ピッピ,妖,-,メロメロボディ,マジックガード,フレンドガード,70,45,48,60,65,35,7.5,20,
36,0,ピクシー,妖,-,メロメロボディ,マジックガード,てんねん,95,70,73,95,90,60,40,60,
37,0,ロコン,炎,-,もらいび,-,ひでり,38,41,40,50,65,65,9.9,20,
37,1,ロコン_A,氷,-,ゆきがくれ,-,ゆきふらし,38,41,40,50,65,65,9.9,20,
38,0,キュウコン,炎,-,もらいび,-,ひでり,73,76,75,81,100,100,19.9,40,
38,1,キュウコン_A,氷,妖,ゆきがくれ,-,ゆきふらし,73,67,75,81,100,109,19.9,40,
39,0,プリン,ノ,妖,メロメロボディ,かちき,フレンドガード,115,45,20,45,25,20,5.5,20,
40,0,プクリン,ノ,妖,メロメロボディ,かちき,おみとおし,140,70,45,85,50,45,12,40,
41,0,ズバット,毒,飛,せいしんりょく,-,すりぬけ,40,45,35,30,40,55,7.5,20,
42,0,ゴルバット,毒,飛,せいしんりょく,-,すりぬけ,75,80,70,65,75,90,55,80,
43,0,ナゾノクサ,草,毒,ようりょくそ,-,にげあし,45,50,55,75,65,30,5.4,20,
44,0,クサイハナ,草,毒,ようりょくそ,-,あくしゅう,60,65,70,85,75,40,8.6,20,
45,0,ラフレシア,草,毒,ようりょくそ,-,ほうし,75,80,85,110,90,50,18.6,40,
46,0,パラス,虫,草,ほうし,かんそうはだ,しめりけ,35,70,55,45,55,25,5.4,20,
47,0,パラセクト,虫,草,ほうし,かんそうはだ,しめりけ,60,95,80,60,80,30,29.5,60,
48,0,コンパン,虫,毒,ふくがん,いろめがね,にげあし,60,55,50,40,55,45,30,60,
49,0,モルフォン,虫,毒,りんぷん,いろめがね,ミラクルスキン,70,65,60,90,75,90,12.5,40,
50,0,ディグダ,地,-,すながくれ,ありじごく,すなのちから,10,55,25,35,45,95,0.8,20,
50,1,ディグダ_A,地,鋼,すながくれ,カーリーヘアー,すなのちから,10,55,30,35,45,90,1,20,
51,0,ダグトリオ,地,-,すながくれ,ありじごく,すなのちから,35,100,50,50,70,120,33.3,60,
51,1,ダグトリオ_A,地,鋼,すながくれ,カーリーヘアー,すなのちから,35,100,60,50,70,110,66.6,80,
52,0,ニャース,ノ,-,ものひろい,テクニシャン,きんちょうかん,40,45,35,40,40,90,4.2,20,
52,1,ニャース_A,悪,-,ものひろい,テクニシャン,びびり,40,35,35,50,40,90,4.2,20,
52,2,ニャース_G,鋼,-,ものひろい,かたいツメ,きんちょうかん,50,65,55,40,40,40,7.5,20,
53,0,ペルシアン,ノ,-,じゅうなん,テクニシャン,きんちょうかん,65,70,60,65,65,115,32,60,
53,1,ペルシアン_A,悪,-,ファーコート,テクニシャン,びびり,65,60,60,75,65,115,33,60,
54,0,コダック,水,-,しめりけ,ノーてんき,すいすい,50,52,48,65,50,55,19.6,40,
55,0,ゴルダック,水,-,しめりけ,ノーてんき,すいすい,80,82,78,95,80,85,76.6,80,
56,0,マンキー,格,-,やるき,いかりのつぼ,まけんき,40,80,35,35,45,70,28,60,
57,0,オコリザル,格,-,やるき,いかりのつぼ,まけんき,65,105,60,60,70,95,32,60,
58,0,ガーディ,炎,-,いかく,もらいび,せいぎのこころ,55,70,45,70,50,60,19,40,
59,0,ウインディ,炎,-,いかく,もらいび,せいぎのこころ,90,110,80,100,80,95,155,100,
60,0,ニョロモ,水,-,ちょすい,しめりけ,すいすい,40,50,40,40,40,90,12.4,40,
61,0,ニョロゾ,水,-,ちょすい,しめりけ,すいすい,65,65,65,50,50,90,20,40,
62,0,ニョロボン,水,格,ちょすい,しめりけ,すいすい,90,95,95,70,90,70,54,80,
63,0,ケーシィ,超,-,シンクロ,せいしんりょく,マジックガード,25,20,15,105,55,90,19.5,40,
64,0,ユンゲラー,超,-,シンクロ,せいしんりょく,マジックガード,40,35,30,120,70,105,56.5,80,
65,0,フーディン,超,-,シンクロ,せいしんりょく,マジックガード,55,50,45,135,95,120,48,60,
65,1,メガフーディン,超,-,トレース,-,-,55,50,65,175,105,150,48,60,
66,0,ワンリキー,格,-,こんじょう,ノーガード,ふくつのこころ,70,80,50,35,35,35,19.5,40,
67,0,ゴーリキー,格,-,こんじょう,ノーガード,ふくつのこころ,80,100,70,50,60,45,70.5,80,
68,0,カイリキー,格,-,こんじょう,ノーガード,ふくつのこころ,90,130,80,65,85,55,130,100,
69,0,マダツボミ,草,毒,ようりょくそ,-,くいしんぼう,50,75,35,70,30,40,4,20,
70,0,ウツドン,草,毒,ようりょくそ,-,くいしんぼう,65,90,50,85,45,55,6.4,20,
71,0,ウツボット,草,毒,ようりょくそ,-,くいしんぼう,80,105,65,100,70,70,15.5,40,
72,0,メノクラゲ,水,毒,クリアボディ,ヘドロえき,あめうけざら,40,40,35,50,100,70,45.5,60,
73,0,ドククラゲ,水,毒,クリアボディ,ヘドロえき,あめうけざら,80,70,65,80,120,100,55,80,
74,0,イシツブテ,岩,地,いしあたま,がんじょう,すながくれ,40,80,100,30,30,20,20,40,
74,1,イシツブテ_A,岩,電,じりょく,がんじょう,エレキスキン,40,80,100,30,30,20,20.3,40,
75,0,ゴローン,岩,地,いしあたま,がんじょう,すながくれ,55,95,115,45,45,35,105,100,
75,1,ゴローン_A,岩,電,じりょく,がんじょう,エレキスキン,55,95,115,45,45,35,110,100,
76,0,ゴローニャ,岩,地,いしあたま,がんじょう,すながくれ,80,120,130,55,65,45,300,120,
76,1,ゴローニャ_A,岩,電,じりょく,がんじょう,エレキスキン,80,120,130,55,65,45,316,120,
77,0,ポニータ,炎,-,にげあし,もらいび,ほのおのからだ,50,85,55,65,65,90,30,60,
77,1,ポニータ_G,超,-,にげあし,パステルベール,きけんよち,50,85,55,65,65,90,24,40,
78,0,ギャロップ,炎,-,にげあし,もらいび,ほのおのからだ,65,100,70,80,80,105,95,80,
78,1,ギャロップ_G,超,妖,にげあし,パステルベール,きけんよち,65,100,70,80,80,105,80,80,
79,0,ヤドン,水,超,どんかん,マイペース,さいせいりょく,90,65,65,40,40,15,36,60,
79,1,ヤドン_G,超,-,くいしんぼう,マイペース,さいせいりょく,90,65,65,40,40,15,36,60,
80,0,ヤドラン,水,超,どんかん,マイペース,さいせいりょく,95,75,110,100,80,30,78.5,80,
80,1,メガヤドラン,水,超,シェルアーマー,-,-,95,75,180,130,80,30,120,100,
80,2,ヤドラン_G,毒,超,クイックドロウ,マイペース,さいせいりょく,95,100,95,100,70,30,70.5,80,
81,0,コイル,電,鋼,じりょく,がんじょう,アナライズ,25,35,70,95,55,45,6,20,
82,0,レアコイル,電,鋼,じりょく,がんじょう,アナライズ,50,60,95,120,70,70,60,80,
83,0,カモネギ,ノ,飛,するどいめ,せいしんりょく,まけんき,52,90,55,58,62,60,15,40,
83,1,カモネギ_G,格,-,ふくつのこころ,-,きもったま,52,95,55,58,62,55,42,60,
84,0,ドードー,ノ,飛,にげあし,はやおき,ちどりあし,35,85,45,35,35,75,39.2,60,
85,0,ドードリオ,ノ,飛,にげあし,はやおき,ちどりあし,60,110,70,60,60,110,85.2,80,
86,0,パウワウ,水,-,あついしぼう,うるおいボディ,アイスボディ,65,45,55,45,70,45,90,80,
87,0,ジュゴン,水,氷,あついしぼう,うるおいボディ,アイスボディ,90,70,80,70,95,70,120,100,
88,0,ベトベター,毒,-,あくしゅう,ねんちゃく,どくしゅ,80,80,50,40,50,25,30,60,
88,1,ベトベター_A,毒,悪,どくしゅ,くいしんぼう,かがくのちから,80,80,50,40,50,25,42,60,
89,0,ベトベトン,毒,-,あくしゅう,ねんちゃく,どくしゅ,105,105,75,65,100,50,30,60,
89,1,ベトベトン_A,毒,悪,どくしゅ,くいしんぼう,かがくのちから,105,105,75,65,100,50,52,80,
90,0,シェルダー,水,-,シェルアーマー,スキルリンク,ぼうじん,30,65,100,45,25,40,4,20,
91,0,パルシェン,水,氷,シェルアーマー,スキルリンク,ぼうじん,50,95,180,85,45,70,132.5,100,
92,0,ゴース,霊,毒,ふゆう,-,-,30,35,30,100,35,80,0.1,20,
93,0,ゴースト,霊,毒,ふゆう,-,-,45,50,45,115,55,95,0.1,20,
94,0,ゲンガー,霊,毒,のろわれボディ,-,-,60,65,60,130,75,110,40.5,60,
94,1,メガゲンガー,霊,毒,かげふみ,-,-,60,65,80,170,95,130,40.5,60,
95,0,イワーク,岩,地,いしあたま,がんじょう,くだけるよろい,35,45,160,30,45,70,210,120,
96,0,スリープ,超,-,ふみん,よちむ,せいしんりょく,60,48,45,43,90,42,32.4,60,
97,0,スリーパー,超,-,ふみん,よちむ,せいしんりょく,85,73,70,73,115,67,75.6,80,
98,0,クラブ,水,-,かいりきバサミ,シェルアーマー,ちからずく,30,105,90,25,25,50,6.5,20,
99,0,キングラー,水,-,かいりきバサミ,シェルアーマー,ちからずく,55,130,115,50,50,75,60,80,
100,0,ビリリダマ,電,-,ぼうおん,せいでんき,ゆうばく,40,30,50,55,55,100,10.4,40,
101,0,マルマイン,電,-,ぼうおん,せいでんき,ゆうばく,60,50,70,80,80,150,66.6,80,
102,0,タマタマ,草,超,ようりょくそ,-,しゅうかく,60,40,80,60,45,40,2.5,20,
103,0,ナッシー,草,超,ようりょくそ,-,しゅうかく,95,95,85,125,75,55,120,100,
103,1,ナッシー_A,草,竜,おみとおし,-,しゅうかく,95,105,85,125,75,45,415.6,120,
104,0,カラカラ,地,-,いしあたま,ひらいしん,カブトアーマー,50,50,95,40,50,35,6.5,20,
105,0,ガラガラ,地,-,いしあたま,ひらいしん,カブトアーマー,60,80,110,50,80,45,45,60,
105,1,ガラガラ_A,炎,霊,のろわれボディ,ひらいしん,いしあたま,60,80,110,50,80,45,34,60,
106,0,サワムラー,格,-,じゅうなん,すてみ,かるわざ,50,120,53,35,110,87,49.8,60,
107,0,エビワラー,格,-,するどいめ,てつのこぶし,せいしんりょく,50,105,79,35,110,76,50.2,80,
108,0,ベロリンガ,ノ,-,マイペース,どんかん,ノーてんき,90,55,75,60,75,30,65.5,80,
109,0,ドガース,毒,-,ふゆう,かがくへんかガス,あくしゅう,40,65,95,60,45,35,1,20,
110,0,マタドガス,毒,-,ふゆう,かがくへんかガス,あくしゅう,65,90,120,85,70,60,9.5,20,
110,1,マタドガス_G,毒,妖,ふゆう,かがくへんかガス,ミストメイカー,65,90,120,85,70,60,16,40,
111,0,サイホーン,地,岩,ひらいしん,いしあたま,すてみ,80,85,95,30,30,25,115,100,
112,0,サイドン,地,岩,ひらいしん,いしあたま,すてみ,105,130,120,45,45,40,120,100,
113,0,ラッキー,ノ,-,しぜんかいふく,てんのめぐみ,いやしのこころ,250,5,5,35,105,50,34.6,60,
114,0,モンジャラ,草,-,ようりょくそ,リーフガード,さいせいりょく,65,55,115,100,40,60,35,60,
115,0,ガルーラ,ノ,-,はやおき,きもったま,せいしんりょく,105,95,80,40,80,90,80,80,
115,1,メガガルーラ,ノ,-,おやこあい,-,-,105,125,100,60,100,100,100,100,
116,0,タッツー,水,-,すいすい,スナイパー,しめりけ,30,40,70,70,25,60,8,20,
117,0,シードラ,水,-,どくのトゲ,スナイパー,しめりけ,55,65,95,95,45,85,25,60,
118,0,トサキント,水,-,すいすい,みずのベール,ひらいしん,45,67,60,35,50,63,15,40,
119,0,アズマオウ,水,-,すいすい,みずのベール,ひらいしん,80,92,65,65,80,68,39,60,
120,0,ヒトデマン,水,-,はっこう,しぜんかいふく,アナライズ,30,45,55,70,55,85,34.5,60,
121,0,スターミー,水,超,はっこう,しぜんかいふく,アナライズ,60,75,85,100,85,115,80,80,
122,0,バリヤード,超,妖,ぼうおん,フィルター,テクニシャン,40,45,65,100,120,90,54.5,80,
122,1,バリヤード_G,氷,超,やるき,バリアフリー,アイスボディ,50,65,65,90,90,100,56.8,80,
123,0,ストライク,虫,飛,むしのしらせ,テクニシャン,ふくつのこころ,70,110,80,55,80,105,56,80,
124,0,ルージュラ,氷,超,どんかん,よちむ,かんそうはだ,65,50,35,115,95,95,40.6,60,
125,0,エレブー,電,-,せいでんき,-,やるき,65,83,57,95,85,105,30,60,
126,0,ブーバー,炎,-,ほのおのからだ,-,やるき,65,95,57,100,85,93,44.5,60,
127,0,カイロス,虫,-,かいりきバサミ,かたやぶり,じしんかじょう,65,125,100,55,70,85,55,80,
127,1,メガカイロス,虫,飛,スカイスキン,-,-,65,155,120,65,90,105,59,80,
128,0,ケンタロス,ノ,-,いかく,いかりのつぼ,ちからずく,75,100,95,40,70,110,88.4,80,
129,0,コイキング,水,-,すいすい,-,びびり,20,10,55,15,20,80,10,40,
130,0,ギャラドス,水,飛,いかく,-,じしんかじょう,95,125,79,60,100,81,235,120,
130,1,メガギャラドス,水,悪,かたやぶり,-,-,95,155,109,70,130,81,305,120,
131,0,ラプラス,水,氷,ちょすい,シェルアーマー,うるおいボディ,130,85,80,85,95,60,220,120,
132,0,メタモン,ノ,-,じゅうなん,-,かわりもの,48,48,48,48,48,48,4,20,
133,0,イーブイ,ノ,-,にげあし,てきおうりょく,きけんよち,55,55,50,45,65,55,6.5,20,
134,0,シャワーズ,水,-,ちょすい,-,うるおいボディ,130,65,60,110,95,65,29,60,
135,0,サンダース,電,-,ちくでん,-,はやあし,65,65,60,110,95,130,24.5,40,
136,0,ブースター,炎,-,もらいび,-,こんじょう,65,130,60,95,110,65,25,60,
137,0,ポリゴン,ノ,-,トレース,ダウンロード,アナライズ,65,60,70,85,75,40,36.5,60,
138,0,オムナイト,岩,水,すいすい,シェルアーマー,くだけるよろい,35,40,100,90,55,35,7.5,20,
139,0,オムスター,岩,水,すいすい,シェルアーマー,くだけるよろい,70,60,125,115,70,55,35,60,
140,0,カブト,岩,水,すいすい,カブトアーマー,くだけるよろい,30,80,90,55,45,55,11.5,40,
141,0,カブトプス,岩,水,すいすい,カブトアーマー,くだけるよろい,60,115,105,65,70,80,40.5,60,
142,0,プテラ,岩,飛,いしあたま,プレッシャー,きんちょうかん,80,105,65,60,75,130,59,80,
142,1,メガプテラ,岩,飛,かたいツメ,-,-,80,135,85,70,95,150,79,80,
143,0,カビゴン,ノ,-,めんえき,あついしぼう,くいしんぼう,160,110,65,65,110,30,460,120,
144,0,フリーザー,氷,飛,プレッシャー,-,ゆきがくれ,90,85,100,95,125,85,55.4,80,
144,1,フリーザー_G,超,飛,かちき,-,-,90,85,85,125,100,95,50.9,80,
145,0,サンダー,電,飛,プレッシャー,-,せいでんき,90,90,85,125,90,100,52.6,80,
145,1,サンダー_G,格,飛,まけんき,-,-,90,125,90,85,90,100,58.2,80,
146,0,ファイヤー,炎,飛,プレッシャー,-,ほのおのからだ,90,100,90,125,85,90,60,80,
146,1,ファイヤー_G,悪,飛,ぎゃくじょう,-,-,90,85,90,100,125,90,66,80,
147,0,ミニリュウ,竜,-,だっぴ,-,ふしぎなうろこ,41,64,45,50,50,50,3.3,20,
148,0,ハクリュー,竜,-,だっぴ,-,ふしぎなうろこ,61,84,65,70,70,70,16.5,40,
149,0,カイリュー,竜,飛,せいしんりょく,-,マルチスケイル,91,134,95,100,100,80,210,120,
150,0,ミュウツー,超,-,プレッシャー,-,きんちょうかん,106,110,90,154,90,130,122,100,
150,1,メガミュウツーX,超,格,ふくつのこころ,-,-,106,190,100,154,100,130,127,100,
150,2,メガミュウツーY,超,-,ふみん,-,-,106,150,70,194,120,140,33,60,
151,0,ミュウ,超,-,シンクロ,-,-,100,100,100,100,100,100,4,20,
152,0,チコリータ,草,-,しんりょく,-,リーフガード,45,49,65,49,65,45,6.4,20,
153,0,ベイリーフ,草,-,しんりょく,-,リーフガード,60,62,80,63,80,60,15.8,40,
154,0,メガニウム,草,-,しんりょく,-,リーフガード,80,82,100,83,100,80,100.5,100,
155,0,ヒノアラシ,炎,-,もうか,-,もらいび,39,52,43,60,50,65,7.9,20,
156,0,マグマラシ,炎,-,もうか,-,もらいび,58,64,58,80,65,80,19,40,
157,0,バクフーン,炎,-,もうか,-,もらいび,78,84,78,109,85,100,79.5,80,
158,0,ワニノコ,水,-,げきりゅう,-,ちからずく,50,65,64,44,48,43,9.5,20,
159,0,アリゲイツ,水,-,げきりゅう,-,ちからずく,65,80,80,59,63,58,25,60,
160,0,オーダイル,水,-,げきりゅう,-,ちからずく,85,105,100,79,83,78,88.8,80,
161,0,オタチ,ノ,-,にげあし,するどいめ,おみとおし,35,46,34,35,45,20,6,20,
162,0,オオタチ,ノ,-,にげあし,するどいめ,おみとおし,85,76,64,45,55,90,32.5,60,
163,0,ホーホー,ノ,飛,ふみん,するどいめ,いろめがね,60,30,30,36,56,50,21.2,40,
164,0,ヨルノズク,ノ,飛,ふみん,するどいめ,いろめがね,100,50,50,86,96,70,40.8,60,
165,0,レディバ,虫,飛,むしのしらせ,はやおき,びびり,40,20,30,40,80,55,10.8,40,
166,0,レディアン,虫,飛,むしのしらせ,はやおき,てつのこぶし,55,35,50,55,110,85,35.6,60,
167,0,イトマル,虫,毒,むしのしらせ,ふみん,スナイパー,40,60,40,40,40,30,8.5,20,
168,0,アリアドス,虫,毒,むしのしらせ,ふみん,スナイパー,70,90,70,60,70,40,33.5,60,
169,0,クロバット,毒,飛,せいしんりょく,-,すりぬけ,85,90,80,70,80,130,75,80,
170,0,チョンチー,水,電,ちくでん,はっこう,ちょすい,75,38,38,56,56,67,12,40,
171,0,ランターン,水,電,ちくでん,はっこう,ちょすい,125,58,58,76,76,67,22.5,40,
172,0,ピチュー,電,-,せいでんき,-,ひらいしん,20,40,15,35,35,60,2,20,
173,0,ピィ,妖,-,メロメロボディ,マジックガード,フレンドガード,50,25,28,45,55,15,3,20,
174,0,ププリン,ノ,妖,メロメロボディ,かちき,フレンドガード,90,30,15,40,20,15,1,20,
175,0,トゲピー,妖,-,はりきり,てんのめぐみ,きょううん,35,20,65,40,65,20,1.5,20,
176,0,トゲチック,妖,飛,はりきり,てんのめぐみ,きょううん,55,40,85,80,105,40,3.2,20,
177,0,ネイティ,超,飛,シンクロ,はやおき,マジックミラー,40,50,45,70,45,70,2,20,
178,0,ネイティオ,超,飛,シンクロ,はやおき,マジックミラー,65,75,70,95,70,95,15,40,
179,0,メリープ,電,-,せいでんき,-,プラス,55,40,40,65,45,35,7.8,20,
180,0,モココ,電,-,せいでんき,-,プラス,70,55,55,80,60,45,13.3,40,
181,0,デンリュウ,電,-,せいでんき,-,プラス,90,75,85,115,90,55,61.5,80,
181,1,メガデンリュウ,電,竜,かたやぶり,-,-,90,95,105,165,110,45,61.5,80,
182,0,キレイハナ,草,-,ようりょくそ,-,いやしのこころ,75,80,95,90,100,50,5.8,20,
183,0,マリル,水,妖,あついしぼう,ちからもち,そうしょく,70,20,50,20,50,40,8.5,20,
184,0,マリルリ,水,妖,あついしぼう,ちからもち,そうしょく,100,50,80,60,80,50,28.5,60,
185,0,ウソッキー,岩,-,がんじょう,いしあたま,びびり,70,100,115,30,65,30,38,60,
186,0,ニョロトノ,水,-,ちょすい,しめりけ,あめふらし,90,75,75,90,100,70,33.9,60,
187,0,ハネッコ,草,飛,ようりょくそ,リーフガード,すりぬけ,35,35,40,35,55,50,0.5,20,
188,0,ポポッコ,草,飛,ようりょくそ,リーフガード,すりぬけ,55,45,50,45,65,80,1,20,
189,0,ワタッコ,草,飛,ようりょくそ,リーフガード,すりぬけ,75,55,70,55,95,110,3,20,
190,0,エイパム,ノ,-,にげあし,ものひろい,スキルリンク,55,70,55,40,55,85,11.5,40,
191,0,ヒマナッツ,草,-,ようりょくそ,サンパワー,はやおき,30,30,30,30,30,30,1.8,20,
192,0,キマワリ,草,-,ようりょくそ,サンパワー,はやおき,75,75,55,105,85,30,8.5,20,
193,0,ヤンヤンマ,虫,飛,かそく,ふくがん,おみとおし,65,65,45,75,45,95,38,60,
194,0,ウパー,水,地,しめりけ,ちょすい,てんねん,55,45,45,25,25,15,8.5,20,
195,0,ヌオー,水,地,しめりけ,ちょすい,てんねん,95,85,85,65,65,35,75,80,
196,0,エーフィ,超,-,シンクロ,-,マジックミラー,65,65,60,130,95,110,26.5,60,
197,0,ブラッキー,悪,-,シンクロ,-,せいしんりょく,95,65,110,60,130,65,27,60,
198,0,ヤミカラス,悪,飛,ふみん,きょううん,いたずらごころ,60,85,42,85,42,91,2.1,20,
199,0,ヤドキング,水,超,どんかん,マイペース,さいせいりょく,95,75,80,100,110,30,79.5,80,
199,1,ヤドキング_G,毒,超,きみょうなくすり,マイペース,さいせいりょく,95,65,80,110,110,30,79.5,80,
200,0,ムウマ,霊,-,ふゆう,-,-,60,60,60,85,85,85,1,20,
201,0,アンノーン,超,-,ふゆう,-,-,48,72,48,72,48,48,5,20,
202,0,ソーナンス,超,-,かげふみ,-,テレパシー,190,33,58,33,58,33,28.5,60,
203,0,キリンリキ,ノ,超,せいしんりょく,はやおき,そうしょく,70,80,65,90,65,85,41.5,60,
204,0,クヌギダマ,虫,-,がんじょう,-,ぼうじん,50,65,90,35,35,15,7.2,20,
205,0,フォレトス,虫,鋼,がんじょう,-,ぼうじん,75,90,140,60,60,40,125.8,100,
206,0,ノコッチ,ノ,-,てんのめぐみ,にげあし,びびり,100,70,70,65,65,45,14,40,
207,0,グライガー,地,飛,かいりきバサミ,すながくれ,めんえき,65,75,105,35,65,85,64.8,80,
208,0,ハガネール,鋼,地,いしあたま,がんじょう,ちからずく,75,85,200,55,65,30,400,120,
208,1,メガハガネール,鋼,地,すなのちから,-,-,75,125,230,55,95,30,740,120,
209,0,ブルー,妖,-,いかく,にげあし,びびり,60,80,50,40,40,30,7.8,20,
210,0,グランブル,妖,-,いかく,はやあし,びびり,90,120,75,60,60,45,48.7,60,
211,0,ハリーセン,水,毒,どくのトゲ,すいすい,いかく,65,95,85,55,55,85,3.9,20,
212,0,ハッサム,虫,鋼,むしのしらせ,テクニシャン,ライトメタル,70,130,100,55,80,65,118,100,
212,1,メガハッサム,虫,鋼,テクニシャン,-,-,70,150,140,65,100,75,125,100,
213,0,ツボツボ,虫,岩,がんじょう,くいしんぼう,あまのじゃく,20,10,230,10,230,5,20.5,40,
214,0,ヘラクロス,虫,格,むしのしらせ,こんじょう,じしんかじょう,80,125,75,40,95,85,54,80,
214,1,メガヘラクロス,虫,格,スキルリンク,-,-,80,185,115,40,105,75,62.5,80,
215,0,ニューラ,悪,氷,せいしんりょく,するどいめ,わるいてぐせ,55,95,55,35,75,115,28,60,
216,0,ヒメグマ,ノ,-,ものひろい,はやあし,みつあつめ,60,80,50,50,50,40,8.8,20,
217,0,リングマ,ノ,-,こんじょう,はやあし,きんちょうかん,90,130,75,75,75,55,125.8,100,
218,0,マグマッグ,炎,-,マグマのよろい,ほのおのからだ,くだけるよろい,40,40,40,70,40,20,35,60,
219,0,マグカルゴ,炎,岩,マグマのよろい,ほのおのからだ,くだけるよろい,60,50,120,90,80,30,55,80,
220,0,ウリムー,氷,地,どんかん,ゆきがくれ,あついしぼう,50,50,40,30,30,50,6.5,20,
221,0,イノムー,氷,地,どんかん,ゆきがくれ,あついしぼう,100,100,80,60,60,50,55.8,80,
222,0,サニーゴ,水,岩,はりきり,しぜんかいふく,さいせいりょく,65,55,95,65,95,35,5,20,
222,1,サニーゴ_G,霊,-,くだけるよろい,-,のろわれボディ,60,55,100,65,100,30,0.5,20,
223,0,テッポウオ,水,-,はりきり,スナイパー,ムラっけ,35,65,35,65,35,65,12,40,
224,0,オクタン,水,-,きゅうばん,スナイパー,ムラっけ,75,105,75,105,75,45,28.5,60,
225,0,デリバード,氷,飛,やるき,はりきり,ふみん,45,55,45,65,45,75,16,40,
226,0,マンタイン,水,飛,すいすい,ちょすい,みずのベール,85,40,70,80,140,70,220,120,
227,0,エアームド,鋼,飛,するどいめ,がんじょう,くだけるよろい,65,80,140,40,70,70,50.5,80,
228,0,デルビル,悪,炎,はやおき,もらいび,きんちょうかん,45,60,30,80,50,65,10.8,40,
229,0,ヘルガー,悪,炎,はやおき,もらいび,きんちょうかん,75,90,50,110,80,95,35,60,
229,1,メガヘルガー,悪,炎,サンパワー,-,-,75,90,90,140,90,115,49.5,60,
230,0,キングドラ,水,竜,すいすい,スナイパー,しめりけ,75,95,95,95,95,85,152,100,
231,0,ゴマゾウ,地,-,ものひろい,-,すながくれ,90,60,60,40,40,40,33.5,60,
232,0,ドンファン,地,-,がんじょう,-,すながくれ,90,120,120,60,60,50,120,100,
233,0,ポリゴン２,ノ,-,トレース,ダウンロード,アナライズ,85,80,90,105,95,60,32.5,60,
234,0,オドシシ,ノ,-,いかく,おみとおし,そうしょく,73,95,62,85,65,85,71.2,80,
235,0,ドーブル,ノ,-,マイペース,テクニシャン,ムラっけ,55,20,35,20,45,75,58,80,
236,0,バルキー,格,-,こんじょう,ふくつのこころ,やるき,35,35,35,35,35,35,21,40,
237,0,カポエラー,格,-,いかく,テクニシャン,ふくつのこころ,50,95,95,35,110,70,48,60,
238,0,ムチュール,氷,超,どんかん,よちむ,うるおいボディ,45,30,15,85,65,65,6,20,
239,0,エレキッド,電,-,せいでんき,-,やるき,45,63,37,65,55,95,23.5,40,
240,0,ブビィ,炎,-,ほのおのからだ,-,やるき,45,75,37,70,55,83,21.4,40,
241,0,ミルタンク,ノ,-,あついしぼう,きもったま,そうしょく,95,80,105,40,70,100,75.5,80,
242,0,ハピナス,ノ,-,しぜんかいふく,てんのめぐみ,いやしのこころ,255,10,10,75,135,55,46.8,60,
243,0,ライコウ,電,-,プレッシャー,-,せいしんりょく,90,85,75,115,100,115,178,100,
244,0,エンテイ,炎,-,プレッシャー,-,せいしんりょく,115,115,85,90,75,100,198,100,
245,0,スイクン,水,-,プレッシャー,-,せいしんりょく,100,75,115,90,115,85,187,100,
246,0,ヨーギラス,岩,地,こんじょう,-,すながくれ,50,64,50,45,50,41,72,80,
247,0,サナギラス,岩,地,だっぴ,-,だっぴ,70,84,70,65,70,51,152,100,
248,0,バンギラス,岩,悪,すなおこし,-,きんちょうかん,100,134,110,95,100,61,202,120,
248,1,メガバンギラス,岩,悪,すなおこし,-,-,100,164,150,95,120,71,255,120,
249,0,ルギア,超,飛,プレッシャー,-,マルチスケイル,106,90,130,90,154,110,216,120,
250,0,ホウオウ,炎,飛,プレッシャー,-,さいせいりょく,106,130,90,110,154,90,199,100,
251,0,セレビィ,超,草,しぜんかいふく,-,-,100,100,100,100,100,100,5,20,
252,0,キモリ,草,-,しんりょく,-,かるわざ,40,45,35,65,55,70,5,20,
253,0,ジュプトル,草,-,しんりょく,-,かるわざ,50,65,45,85,65,95,21.6,40,
254,0,ジュカイン,草,-,しんりょく,-,かるわざ,70,85,65,105,85,120,52.2,80,
254,1,メガジュカイン,草,竜,ひらいしん,-,-,70,110,75,145,85,145,55.2,80,
255,0,アチャモ,炎,-,もうか,-,かそく,45,60,40,70,50,45,2.5,20,
256,0,ワカシャモ,炎,格,もうか,-,かそく,60,85,60,85,60,55,19.5,40,
257,0,バシャーモ,炎,格,もうか,-,かそく,80,120,70,110,70,80,52,80,
257,1,メガバシャーモ,炎,格,かそく,-,-,80,160,80,130,80,100,52,80,
258,0,ミズゴロウ,水,-,げきりゅう,-,しめりけ,50,70,50,50,50,40,7.6,20,
259,0,ヌマクロー,水,地,げきりゅう,-,しめりけ,70,85,70,60,70,50,28,60,
260,0,ラグラージ,水,地,げきりゅう,-,しめりけ,100,110,90,85,90,60,81.9,80,
260,1,メガラグラージ,水,地,すいすい,-,-,100,150,110,95,110,70,102,100,
261,0,ポチエナ,悪,-,にげあし,はやあし,びびり,35,55,35,30,30,35,13.6,40,
262,0,グラエナ,悪,-,いかく,はやあし,じしんかじょう,70,90,70,60,60,70,37,60,
263,0,ジグザグマ,ノ,-,ものひろい,くいしんぼう,はやあし,38,30,41,30,41,60,17.5,40,
263,1,ジグザグマ_G,悪,ノ,ものひろい,くいしんぼう,はやあし,38,30,41,30,41,60,17.5,40,
264,0,マッスグマ,ノ,-,ものひろい,くいしんぼう,はやあし,78,70,61,50,61,100,32.5,60,
264,1,マッスグマ_G,悪,ノ,ものひろい,くいしんぼう,はやあし,78,70,61,50,61,100,32.5,60,
265,0,ケムッソ,虫,-,りんぷん,-,にげあし,45,45,35,20,30,20,3.6,20,
266,0,カラサリス,虫,-,だっぴ,-,だっぴ,50,35,55,25,25,15,10,40,
267,0,アゲハント,虫,飛,むしのしらせ,-,とうそうしん,60,70,50,100,50,65,28.4,60,
268,0,マユルド,虫,-,だっぴ,-,だっぴ,50,35,55,25,25,15,11.5,40,
269,0,ドクケイル,虫,毒,りんぷん,-,ふくがん,60,50,70,50,90,65,31.6,60,
270,0,ハスボー,水,草,すいすい,あめうけざら,マイペース,40,30,30,40,50,30,2.6,20,
271,0,ハスブレロ,水,草,すいすい,あめうけざら,マイペース,60,50,50,60,70,50,32.5,60,
272,0,ルンパッパ,水,草,すいすい,あめうけざら,マイペース,80,70,70,90,100,70,55,80,
273,0,タネボー,草,-,ようりょくそ,はやおき,わるいてぐせ,40,40,50,30,30,30,4,20,
274,0,コノハナ,草,悪,ようりょくそ,はやおき,わるいてぐせ,70,70,40,60,40,60,28,60,
275,0,ダーテング,草,悪,ようりょくそ,はやおき,わるいてぐせ,90,100,60,90,60,80,59.6,80,
276,0,スバメ,ノ,飛,こんじょう,-,きもったま,40,55,30,30,30,85,2.3,20,
277,0,オオスバメ,ノ,飛,こんじょう,-,きもったま,60,85,60,75,50,125,19.8,40,
278,0,キャモメ,水,飛,するどいめ,うるおいボディ,あめうけざら,40,30,30,55,30,85,9.5,20,
279,0,ペリッパー,水,飛,するどいめ,あめふらし,あめうけざら,60,50,100,95,70,65,28,60,
280,0,ラルトス,超,妖,シンクロ,トレース,テレパシー,28,25,25,45,35,40,6.6,20,
281,0,キルリア,超,妖,シンクロ,トレース,テレパシー,38,35,35,65,55,50,20.2,40,
282,0,サーナイト,超,妖,シンクロ,トレース,テレパシー,68,65,65,125,115,80,48.4,80,
282,1,メガサーナイト,超,妖,フェアリースキン,-,-,68,85,65,165,135,100,48.4,60,
283,0,アメタマ,虫,水,すいすい,-,あめうけざら,40,30,32,50,52,65,1.7,20,
284,0,アメモース,虫,飛,いかく,-,きんちょうかん,70,60,62,100,82,80,3.6,20,
285,0,キノココ,草,-,ほうし,ポイズンヒール,はやあし,60,40,60,40,60,35,4.5,20,
286,0,キノガッサ,草,格,ほうし,ポイズンヒール,テクニシャン,60,130,80,60,60,70,39.2,60,
287,0,ナマケロ,ノ,-,なまけ,-,-,60,60,60,35,35,30,24,40,
288,0,ヤルキモノ,ノ,-,やるき,-,-,80,80,80,55,55,90,46.5,60,
289,0,ケッキング,ノ,-,なまけ,-,-,150,160,100,95,65,100,130.5,100,
290,0,ツチニン,虫,地,ふくがん,-,にげあし,31,45,90,30,30,40,5.5,20,
291,0,テッカニン,虫,飛,かそく,-,すりぬけ,61,90,45,50,50,160,12,40,
292,0,ヌケニン,虫,霊,ふしぎなまもり,-,ふしぎなまもり,1,90,45,30,30,40,1.2,20,
293,0,ゴニョニョ,ノ,-,ぼうおん,-,びびり,64,51,23,51,23,28,16.3,40,
294,0,ドゴーム,ノ,-,ぼうおん,-,きもったま,84,71,43,71,43,48,40.5,60,
295,0,バクオング,ノ,-,ぼうおん,-,きもったま,104,91,63,91,73,68,84,80,
296,0,マクノシタ,格,-,あついしぼう,こんじょう,ちからずく,72,60,30,20,30,25,86.4,80,
297,0,ハリテヤマ,格,-,あついしぼう,こんじょう,ちからずく,144,120,60,40,60,50,253.8,120,
298,0,ルリリ,ノ,妖,あついしぼう,ちからもち,そうしょく,50,20,40,20,40,20,2,20,
299,0,ノズパス,岩,-,がんじょう,じりょく,すなのちから,30,45,135,45,90,30,97,80,
300,0,エネコ,ノ,-,メロメロボディ,ノーマルスキン,ミラクルスキン,50,45,45,35,35,50,11,40,
301,0,エネコロロ,ノ,-,メロメロボディ,ノーマルスキン,ミラクルスキン,70,65,65,55,55,90,32.6,60,
302,0,ヤミラミ,悪,霊,するどいめ,あとだし,いたずらごころ,50,75,75,65,65,50,11,40,
302,1,メガヤミラミ,悪,霊,マジックミラー,-,-,50,85,125,85,115,20,161,100,
303,0,クチート,鋼,妖,かいりきバサミ,いかく,ちからずく,50,85,85,55,55,50,11.5,40,
303,1,メガクチート,鋼,妖,ちからもち,-,-,50,105,125,55,95,50,23.5,40,
304,0,ココドラ,鋼,岩,がんじょう,いしあたま,ヘヴィメタル,50,70,100,40,40,30,60,80,
305,0,コドラ,鋼,岩,がんじょう,いしあたま,ヘヴィメタル,60,90,140,50,50,40,120,100,
306,0,ボスゴドラ,鋼,岩,がんじょう,いしあたま,ヘヴィメタル,70,110,180,60,60,50,360,120,
306,1,メガボスゴドラ,鋼,-,フィルター,-,-,70,140,230,60,80,50,395,120,
307,0,アサナン,格,超,ヨガパワー,-,テレパシー,30,40,55,40,55,60,11.2,40,
308,0,チャーレム,格,超,ヨガパワー,-,テレパシー,60,60,75,60,75,80,31.5,60,
308,1,メガチャーレム,格,超,ヨガパワー,-,-,60,100,85,80,85,100,31.5,60,
309,0,ラクライ,電,-,せいでんき,ひらいしん,マイナス,40,45,40,65,40,65,15.2,40,
310,0,ライボルト,電,-,せいでんき,ひらいしん,マイナス,70,75,60,105,60,105,40.2,60,
310,1,メガライボルト,電,-,いかく,-,-,70,75,80,135,80,135,44,60,
311,0,プラスル,電,-,プラス,-,ひらいしん,60,50,40,85,75,95,4.2,20,
312,0,マイナン,電,-,マイナス,-,ちくでん,60,40,50,75,85,95,4.2,20,
313,0,バルビート,虫,-,はっこう,むしのしらせ,いたずらごころ,65,73,75,47,85,85,17.7,40,
314,0,イルミーゼ,虫,-,どんかん,いろめがね,いたずらごころ,65,47,75,73,85,85,17.7,40,
315,0,ロゼリア,草,毒,しぜんかいふく,どくのトゲ,リーフガード,50,60,45,100,80,65,2,20,
316,0,ゴクリン,毒,-,ヘドロえき,ねんちゃく,くいしんぼう,70,43,53,43,53,40,10.3,40,
317,0,マルノーム,毒,-,ヘドロえき,ねんちゃく,くいしんぼう,100,73,83,73,83,55,80,80,
318,0,キバニア,水,悪,さめはだ,-,かそく,45,90,20,65,20,65,20.8,40,
319,0,サメハダー,水,悪,さめはだ,-,かそく,70,120,40,95,40,95,88.8,80,
319,1,メガサメハダー,水,悪,がんじょうあご,-,-,70,140,70,110,65,105,130.3,100,
320,0,ホエルコ,水,-,みずのベール,どんかん,プレッシャー,130,70,35,70,35,60,130,100,
321,0,ホエルオー,水,-,みずのベール,どんかん,プレッシャー,170,90,45,90,45,60,398,120,
322,0,ドンメル,炎,地,どんかん,たんじゅん,マイペース,60,60,40,65,45,35,24,40,
323,0,バクーダ,炎,地,マグマのよろい,ハードロック,いかりのつぼ,70,100,70,105,75,40,220,120,
323,1,メガバクーダ,炎,地,ちからずく,-,-,70,120,100,145,105,20,320.5,120,
324,0,コータス,炎,-,しろいけむり,ひでり,シェルアーマー,70,85,140,85,70,20,80.4,80,
325,0,バネブー,超,-,あついしぼう,マイペース,くいしんぼう,60,25,35,70,80,60,30.6,60,
326,0,ブーピッグ,超,-,あついしぼう,マイペース,くいしんぼう,80,45,65,90,110,80,71.5,80,
327,0,パッチール,ノ,-,マイペース,ちどりあし,あまのじゃく,60,60,60,60,60,60,5,20,
328,0,ナックラー,地,-,かいりきバサミ,ありじごく,ちからずく,45,100,45,45,45,10,15,40,
329,0,ビブラーバ,地,竜,ふゆう,-,ふゆう,50,70,50,50,50,70,15.3,40,
330,0,フライゴン,地,竜,ふゆう,-,ふゆう,80,100,80,80,80,100,82,80,
331,0,サボネア,草,-,すながくれ,-,ちょすい,50,85,40,85,40,35,51.3,80,
332,0,ノクタス,草,悪,すながくれ,-,ちょすい,70,115,60,115,60,55,77.4,80,
333,0,チルット,ノ,飛,しぜんかいふく,-,ノーてんき,45,40,60,40,75,50,1.2,20,
334,0,チルタリス,竜,飛,しぜんかいふく,-,ノーてんき,75,70,90,70,105,80,20.6,40,
334,1,メガチルタリス,竜,妖,フェアリースキン,-,-,75,110,110,110,105,80,20.6,40,
335,0,ザングース,ノ,-,めんえき,-,どくぼうそう,73,115,60,60,60,90,40.3,60,
336,0,ハブネーク,毒,-,だっぴ,-,すりぬけ,73,100,60,100,60,65,52.5,80,
337,0,ルナトーン,岩,超,ふゆう,-,-,90,55,65,95,85,70,168,100,
338,0,ソルロック,岩,超,ふゆう,-,-,90,95,85,55,65,70,154,100,
339,0,ドジョッチ,水,地,どんかん,きけんよち,うるおいボディ,50,48,43,46,41,60,1.9,20,
340,0,ナマズン,水,地,どんかん,きけんよち,うるおいボディ,110,78,73,76,71,60,23.6,40,
341,0,ヘイガニ,水,-,かいりきバサミ,シェルアーマー,てきおうりょく,43,80,65,50,35,35,11.5,40,
342,0,シザリガー,水,悪,かいりきバサミ,シェルアーマー,てきおうりょく,63,120,85,90,55,55,32.8,60,
343,0,ヤジロン,地,超,ふゆう,-,-,40,40,55,40,70,55,21.5,40,
344,0,ネンドール,地,超,ふゆう,-,-,60,70,105,70,120,75,108,100,
345,0,リリーラ,岩,草,きゅうばん,-,よびみず,66,41,77,61,87,23,23.8,40,
346,0,ユレイドル,岩,草,きゅうばん,-,よびみず,86,81,97,81,107,43,60.4,80,
347,0,アノプス,岩,虫,カブトアーマー,-,すいすい,45,95,50,40,50,75,12.5,40,
348,0,アーマルド,岩,虫,カブトアーマー,-,すいすい,75,125,100,70,80,45,68.2,80,
349,0,ヒンバス,水,-,すいすい,どんかん,てきおうりょく,20,15,20,10,55,80,7.4,20,
350,0,ミロカロス,水,-,ふしぎなうろこ,かちき,メロメロボディ,95,60,79,100,125,81,162,100,
351,0,ポワルン,ノ,-,てんきや,-,-,70,70,70,70,70,70,0.8,20,
352,0,カクレオン,ノ,-,へんしょく,-,へんげんじざい,60,90,70,60,120,40,22,40,
353,0,カゲボウズ,霊,-,ふみん,おみとおし,のろわれボディ,44,75,35,63,33,45,2.3,20,
354,0,ジュペッタ,霊,-,ふみん,おみとおし,のろわれボディ,64,115,65,83,63,65,12.5,40,
354,1,メガジュペッタ,霊,-,いたずらごころ,-,-,64,165,75,93,83,75,13,40,
355,0,ヨマワル,霊,-,ふゆう,-,おみとおし,20,40,90,30,90,25,15,40,
356,0,サマヨール,霊,-,プレッシャー,-,おみとおし,40,70,130,60,130,25,30.6,60,
357,0,トロピウス,草,飛,ようりょくそ,サンパワー,しゅうかく,99,68,83,72,87,51,100,100,
358,0,チリーン,超,-,ふゆう,-,-,75,50,80,95,90,65,1,20,
359,0,アブソル,悪,-,プレッシャー,きょううん,せいぎのこころ,65,130,60,75,60,75,47,60,
359,1,メガアブソル,悪,-,マジックミラー,-,-,65,150,60,115,60,115,49,60,
360,0,ソーナノ,超,-,かげふみ,-,テレパシー,95,23,48,23,48,23,14,40,
361,0,ユキワラシ,氷,-,せいしんりょく,アイスボディ,ムラっけ,50,50,50,50,50,50,16.8,40,
362,0,オニゴーリ,氷,-,せいしんりょく,アイスボディ,ムラっけ,80,80,80,80,80,80,256.5,120,
362,1,メガオニゴーリ,氷,-,フリーズスキン,-,-,80,120,80,120,80,100,350.2,120,
363,0,タマザラシ,氷,水,あついしぼう,アイスボディ,どんかん,70,40,50,55,50,25,39.5,60,
364,0,トドグラー,氷,水,あついしぼう,アイスボディ,どんかん,90,60,70,75,70,45,87.6,80,
365,0,トドゼルガ,氷,水,あついしぼう,アイスボディ,どんかん,110,80,90,95,90,65,150.6,100,
366,0,パールル,水,-,シェルアーマー,-,びびり,35,64,85,74,55,32,52.5,80,
367,0,ハンテール,水,-,すいすい,-,みずのベール,55,104,105,94,75,52,27,60,
368,0,サクラビス,水,-,すいすい,-,うるおいボディ,55,84,105,114,75,52,22.6,40,
369,0,ジーランス,水,岩,すいすい,いしあたま,がんじょう,100,90,130,45,65,55,23.4,40,
370,0,ラブカス,水,-,すいすい,-,うるおいボディ,43,30,55,40,65,97,8.7,20,
371,0,タツベイ,竜,-,いしあたま,-,ちからずく,45,75,60,40,30,50,42.1,60,
372,0,コモルー,竜,-,いしあたま,-,ぼうじん,65,95,100,60,50,50,110.5,100,
373,0,ボーマンダ,竜,飛,いかく,-,じしんかじょう,95,135,80,110,80,100,102.6,100,
373,1,メガボーマンダ,竜,飛,スカイスキン,-,-,95,145,130,120,90,120,112.6,100,
374,0,ダンバル,鋼,超,クリアボディ,-,ライトメタル,40,55,80,35,60,30,95.2,80,
375,0,メタング,鋼,超,クリアボディ,-,ライトメタル,60,75,100,55,80,50,202.5,120,
376,0,メタグロス,鋼,超,クリアボディ,-,ライトメタル,80,135,130,95,90,70,550,120,
376,1,メガメタグロス,鋼,超,かたいツメ,-,-,80,145,150,105,110,110,942.9,120,
377,0,レジロック,岩,-,クリアボディ,-,がんじょう,80,100,200,50,100,50,230,120,
378,0,レジアイス,氷,-,クリアボディ,-,アイスボディ,80,50,100,100,200,50,175,100,
379,0,レジスチル,鋼,-,クリアボディ,-,ライトメタル,80,75,150,75,150,50,205,120,
380,0,ラティアス,竜,超,ふゆう,-,-,80,80,90,110,130,110,40,60,
380,1,メガラティアス,竜,超,ふゆう,-,-,80,100,120,140,150,110,52,80,
381,0,ラティオス,竜,超,ふゆう,-,-,80,90,80,130,110,110,60,80,
381,1,メガラティオス,竜,超,ふゆう,-,-,80,130,100,160,120,110,70,80,
382,0,カイオーガ,水,-,あめふらし,-,-,100,100,90,150,140,90,352,120,
382,1,ゲンシカイオーガ,水,-,はじまりのうみ,-,-,100,150,90,180,160,90,430,120,
383,0,グラードン,地,-,ひでり,-,-,100,150,140,100,90,90,950,120,
383,1,ゲンシグラードン,地,炎,おわりのだいち,-,-,100,180,160,150,90,90,999.7,120,
384,0,レックウザ,竜,飛,エアロック,-,-,105,150,90,150,90,95,206.5,120,
384,1,メガレックウザ,竜,飛,デルタストリーム,-,-,105,180,100,180,100,115,392,120,
385,0,ジラーチ,鋼,超,てんのめぐみ,-,-,100,100,100,100,100,100,1.1,20,
386,0,デオキシスN,超,-,プレッシャー,-,-,50,150,50,150,50,150,60.8,80,
386,1,デオキシスA,超,-,プレッシャー,-,-,50,180,20,180,20,150,60.8,80,
386,2,デオキシスD,超,-,プレッシャー,-,-,50,70,160,70,160,90,60.8,80,
386,3,デオキシスS,超,-,プレッシャー,-,-,50,95,90,95,90,180,60.8,80,
387,0,ナエトル,草,-,しんりょく,-,シェルアーマー,55,68,64,45,55,31,10.2,40,
388,0,ハヤシガメ,草,-,しんりょく,-,シェルアーマー,75,89,85,55,65,36,97,80,
389,0,ドダイトス,草,地,しんりょく,-,シェルアーマー,95,109,105,75,85,56,310,120,
390,0,ヒコザル,炎,-,もうか,-,てつのこぶし,44,58,44,58,44,61,6.2,20,
391,0,モウカザル,炎,格,もうか,-,てつのこぶし,64,78,52,78,52,81,22,40,
392,0,ゴウカザル,炎,格,もうか,-,てつのこぶし,76,104,71,104,71,108,55,80,
393,0,ポッチャマ,水,-,げきりゅう,-,まけんき,53,51,53,61,56,40,5.2,20,
394,0,ポッタイシ,水,-,げきりゅう,-,まけんき,64,66,68,81,76,50,23,40,
395,0,エンペルト,水,鋼,げきりゅう,-,まけんき,84,86,88,111,101,60,84.5,80,
396,0,ムックル,ノ,飛,するどいめ,-,すてみ,40,55,30,30,30,60,2,20,
397,0,ムクバード,ノ,飛,いかく,-,すてみ,55,75,50,40,40,80,15.5,40,
398,0,ムクホーク,ノ,飛,いかく,-,すてみ,85,120,70,50,60,100,24.9,40,
399,0,ビッパ,ノ,-,たんじゅん,てんねん,ムラっけ,59,45,40,35,40,31,20,40,
400,0,ビーダル,ノ,水,たんじゅん,てんねん,ムラっけ,79,85,60,55,60,71,31.5,60,
401,0,コロボーシ,虫,-,だっぴ,-,にげあし,37,25,41,25,41,25,2.2,20,
402,0,コロトック,虫,-,むしのしらせ,-,テクニシャン,77,85,51,55,51,65,25.5,60,
403,0,コリンク,電,-,とうそうしん,いかく,こんじょう,45,65,34,40,34,45,9.5,20,
404,0,ルクシオ,電,-,とうそうしん,いかく,こんじょう,60,85,49,60,49,60,30.5,60,
405,0,レントラー,電,-,とうそうしん,いかく,こんじょう,80,120,79,95,79,70,42,80,
406,0,スボミー,草,毒,しぜんかいふく,どくのトゲ,リーフガード,40,30,35,50,70,55,1.2,20,
407,0,ロズレイド,草,毒,しぜんかいふく,どくのトゲ,テクニシャン,60,70,65,125,105,90,14.5,40,
408,0,ズガイドス,岩,-,かたやぶり,-,ちからずく,67,125,40,30,30,58,31.5,60,
409,0,ラムパルド,岩,-,かたやぶり,-,ちからずく,97,165,60,65,50,58,102.5,100,
410,0,タテトプス,岩,鋼,がんじょう,-,ぼうおん,30,42,118,42,88,30,57,80,
411,0,トリデプス,岩,鋼,がんじょう,-,ぼうおん,60,52,168,47,138,30,149.5,100,
412,0,ミノムッチ,虫,-,だっぴ,-,ぼうじん,40,29,45,29,45,36,3.4,20,
413,0,ミノマダム草,虫,草,きけんよち,-,ぼうじん,60,59,85,79,105,36,6.5,20,
413,1,ミノマダム地,虫,地,きけんよち,-,ぼうじん,60,79,105,59,85,36,6.5,20,
413,2,ミノマダム鋼,虫,鋼,きけんよち,-,ぼうじん,60,69,95,69,95,36,6.5,20,
414,0,ガーメイル,虫,飛,むしのしらせ,-,いろめがね,70,94,50,94,50,66,23.3,40,
415,0,ミツハニー,虫,飛,みつあつめ,-,はりきり,30,30,42,30,42,70,5.5,20,
416,0,ビークイン,虫,飛,プレッシャー,-,きんちょうかん,70,80,102,80,102,40,38.5,60,
417,0,パチリス,電,-,にげあし,ものひろい,ちくでん,60,45,70,45,90,95,3.9,20,
418,0,ブイゼル,水,-,すいすい,-,みずのベール,55,65,35,60,30,85,29.5,60,
419,0,フローゼル,水,-,すいすい,-,みずのベール,85,105,55,85,50,115,33.5,60,
420,0,チェリンボ,草,-,ようりょくそ,-,-,45,35,45,62,53,35,3.3,20,
421,0,チェリム,草,-,フラワーギフト,-,-,70,60,70,87,78,85,9.3,20,
422,0,カラナクシ,水,-,ねんちゃく,よびみず,すなのちから,76,48,48,57,62,34,6.3,20,
423,0,トリトドン,水,地,ねんちゃく,よびみず,すなのちから,111,83,68,92,82,39,29.9,60,
424,0,エテボース,ノ,-,テクニシャン,ものひろい,スキルリンク,75,100,66,60,66,115,20.3,40,
425,0,フワンテ,霊,飛,ゆうばく,かるわざ,ねつぼうそう,90,50,34,60,44,70,1.2,20,
426,0,フワライド,霊,飛,ゆうばく,かるわざ,ねつぼうそう,150,80,44,90,54,80,15,40,
427,0,ミミロル,ノ,-,にげあし,ぶきよう,じゅうなん,55,66,44,44,56,85,5.5,20,
428,0,ミミロップ,ノ,-,メロメロボディ,ぶきよう,じゅうなん,65,76,84,54,96,105,33.3,60,
428,1,メガミミロップ,ノ,格,きもったま,-,-,65,136,94,54,96,135,28.3,60,
429,0,ムウマージ,霊,-,ふゆう,-,-,60,60,60,105,105,105,4.4,20,
430,0,ドンカラス,悪,飛,ふみん,きょううん,じしんかじょう,100,125,52,105,52,71,27.3,60,
431,0,ニャルマー,ノ,-,じゅうなん,マイペース,するどいめ,49,55,42,42,37,85,3.9,20,
432,0,ブニャット,ノ,-,あついしぼう,マイペース,まけんき,71,82,64,64,59,112,43.8,80,
433,0,リーシャン,超,-,ふゆう,-,-,45,30,50,65,50,45,0.6,20,
434,0,スカンプー,毒,悪,あくしゅう,ゆうばく,するどいめ,63,63,47,41,41,74,19.2,40,
435,0,スカタンク,毒,悪,あくしゅう,ゆうばく,するどいめ,103,93,67,71,61,84,38,60,
436,0,ドーミラー,鋼,超,ふゆう,たいねつ,ヘヴィメタル,57,24,86,24,86,23,60.5,80,
437,0,ドータクン,鋼,超,ふゆう,たいねつ,ヘヴィメタル,67,89,116,79,116,33,187,100,
438,0,ウソハチ,岩,-,がんじょう,いしあたま,びびり,50,80,95,10,45,10,15,40,
439,0,マネネ,超,妖,ぼうおん,フィルター,テクニシャン,20,25,45,70,90,60,13,40,
440,0,ピンプク,ノ,-,しぜんかいふく,てんのめぐみ,フレンドガード,100,5,5,15,65,30,24.4,40,
441,0,ペラップ,ノ,飛,するどいめ,ちどりあし,はとむね,76,65,45,92,42,91,1.9,20,
442,0,ミカルゲ,霊,悪,プレッシャー,-,すりぬけ,50,92,108,92,108,35,108,100,
443,0,フカマル,竜,地,すながくれ,-,さめはだ,58,70,45,40,45,42,20.5,40,
444,0,ガバイト,竜,地,すながくれ,-,さめはだ,68,90,65,50,55,82,56,80,
445,0,ガブリアス,竜,地,すながくれ,-,さめはだ,108,130,95,80,85,102,95,80,
445,1,メガガブリアス,竜,地,すなのちから,-,-,108,170,115,120,95,92,95,80,
446,0,ゴンベ,ノ,-,ものひろい,あついしぼう,くいしんぼう,135,85,40,40,85,5,105,100,
447,0,リオル,格,-,ふくつのこころ,せいしんりょく,いたずらごころ,40,70,40,35,40,60,20.2,40,
448,0,ルカリオ,格,鋼,ふくつのこころ,せいしんりょく,せいぎのこころ,70,110,70,115,70,90,54,80,
448,1,メガルカリオ,格,鋼,てきおうりょく,-,-,70,145,88,140,70,112,57.5,80,
449,0,ヒポポタス,地,-,すなおこし,-,すなのちから,68,72,78,38,42,32,49.5,80,
450,0,カバルドン,地,-,すなおこし,-,すなのちから,108,112,118,68,72,47,300,120,
451,0,スコルピ,毒,虫,カブトアーマー,スナイパー,するどいめ,40,50,90,30,55,65,12,40,
452,0,ドラピオン,毒,悪,カブトアーマー,スナイパー,するどいめ,70,90,110,60,75,95,61.5,80,
453,0,グレッグル,毒,格,きけんよち,かんそうはだ,どくしゅ,48,61,40,61,40,50,23,40,
454,0,ドクロッグ,毒,格,きけんよち,かんそうはだ,どくしゅ,83,106,65,86,65,85,44.4,80,
455,0,マスキッパ,草,-,ふゆう,-,-,74,100,72,90,72,46,27,60,
456,0,ケイコウオ,水,-,すいすい,よびみず,みずのベール,49,49,56,49,61,66,7,20,
457,0,ネオラント,水,-,すいすい,よびみず,みずのベール,69,69,76,69,86,91,24,40,
458,0,タマンタ,水,飛,すいすい,ちょすい,みずのベール,45,20,50,60,120,50,65,80,
459,0,ユキカブリ,草,氷,ゆきふらし,-,ぼうおん,60,62,50,62,60,40,50.5,80,
460,0,ユキノオー,草,氷,ゆきふらし,-,ぼうおん,90,92,75,92,85,60,135.5,100,
460,1,メガユキノオー,草,氷,ゆきふらし,-,-,90,132,105,132,105,30,185,100,
461,0,マニューラ,悪,氷,プレッシャー,-,わるいてぐせ,70,120,65,45,85,125,34,60,
462,0,ジバコイル,電,鋼,じりょく,がんじょう,アナライズ,70,70,115,130,90,60,180,100,
463,0,ベロベルト,ノ,-,マイペース,どんかん,ノーてんき,110,85,95,80,95,50,140,100,
464,0,ドサイドン,地,岩,ひらいしん,ハードロック,すてみ,115,140,130,55,55,40,282.8,120,
465,0,モジャンボ,草,-,ようりょくそ,リーフガード,さいせいりょく,100,100,125,110,50,50,128.6,100,
466,0,エレキブル,電,-,でんきエンジン,-,やるき,75,123,67,95,85,95,138.6,100,
467,0,ブーバーン,炎,-,ほのおのからだ,-,やるき,75,95,67,125,95,83,68,80,
468,0,トゲキッス,妖,飛,はりきり,てんのめぐみ,きょううん,85,50,95,120,115,80,38,60,
469,0,メガヤンマ,虫,飛,かそく,いろめがね,おみとおし,86,76,86,116,56,95,51.5,80,
470,0,リーフィア,草,-,リーフガード,-,ようりょくそ,65,110,130,60,65,95,25.5,60,
471,0,グレイシア,氷,-,ゆきがくれ,-,アイスボディ,65,60,110,130,95,65,25.9,60,
472,0,グライオン,地,飛,かいりきバサミ,すながくれ,ポイズンヒール,75,95,125,45,75,95,42.5,80,
473,0,マンムー,氷,地,どんかん,ゆきがくれ,あついしぼう,110,130,80,70,60,80,291,120,
474,0,ポリゴンＺ,ノ,-,てきおうりょく,ダウンロード,アナライズ,85,80,70,135,75,90,34,60,
475,0,エルレイド,超,格,ふくつのこころ,-,せいぎのこころ,68,125,65,65,115,80,52,80,
475,1,メガエルレイド,超,格,せいしんりょく,-,-,68,165,95,65,115,110,56.4,80,
476,0,ダイノーズ,岩,鋼,がんじょう,じりょく,すなのちから,60,55,145,75,150,40,340,120,
477,0,ヨノワール,霊,-,プレッシャー,-,おみとおし,45,100,135,65,135,45,106.6,100,
478,0,ユキメノコ,氷,霊,ゆきがくれ,-,のろわれボディ,70,80,70,80,70,110,26.6,60,
479,0,ロトム,電,霊,ふゆう,-,-,50,50,77,95,77,91,0.3,20,
479,1,ロトム炎,電,炎,ふゆう,-,-,50,65,107,105,107,86,0.3,20,
479,2,ロトム水,電,水,ふゆう,-,-,50,65,107,105,107,86,0.3,20,
479,3,ロトム氷,電,氷,ふゆう,-,-,50,65,107,105,107,86,0.3,20,
479,4,ロトム飛,電,飛,ふゆう,-,-,50,65,107,105,107,86,0.3,20,
479,5,ロトム草,電,草,ふゆう,-,-,50,65,107,105,107,86,0.3,20,
480,0,ユクシー,超,-,ふゆう,-,-,75,75,130,75,130,95,0.3,20,
481,0,エムリット,超,-,ふゆう,-,-,80,105,105,105,105,80,0.3,20,
482,0,アグノム,超,-,ふゆう,-,-,75,125,70,125,70,115,0.3,20,
483,0,ディアルガ,鋼,竜,プレッシャー,-,テレパシー,100,120,120,150,100,90,683,120,
484,0,パルキア,水,竜,プレッシャー,-,テレパシー,90,120,100,150,120,100,336,120,
485,0,ヒードラン,炎,鋼,もらいび,-,ほのおのからだ,91,90,106,130,106,77,430,120,
486,0,レジギガス,ノ,-,スロースタート,-,-,110,160,110,80,110,100,420,120,
487,0,ギラティナA,霊,竜,プレッシャー,-,テレパシー,150,100,120,100,120,90,750,120,
487,1,ギラティナO,霊,竜,ふゆう,-,-,150,120,100,120,100,90,650,120,
488,0,クレセリア,超,-,ふゆう,-,-,120,70,120,75,130,85,85.6,80,
489,0,フィオネ,水,-,うるおいボディ,-,-,80,80,80,80,80,80,3.1,20,
490,0,マナフィ,水,-,うるおいボディ,-,-,100,100,100,100,100,100,1.4,20,
491,0,ダークライ,悪,-,ナイトメア,-,-,70,90,90,135,90,125,50.5,80,
492,0,シェイミL,草,-,しぜんかいふく,-,-,100,100,100,100,100,100,2.1,20,
492,1,シェイミS,草,飛,てんのめぐみ,-,-,100,103,75,120,75,127,5.2,20,
493,0,アルセウス,ノ,-,マルチタイプ,-,-,120,120,120,120,120,120,320,120,
494,0,ビクティニ,超,炎,しょうりのほし,-,-,100,100,100,100,100,100,4,20,
495,0,ツタージャ,草,-,しんりょく,-,あまのじゃく,45,45,55,45,55,63,8.1,20,
496,0,ジャノビー,草,-,しんりょく,-,あまのじゃく,60,60,75,60,75,83,16,40,
497,0,ジャローダ,草,-,しんりょく,-,あまのじゃく,75,75,95,75,95,113,63,80,
498,0,ポカブ,炎,-,もうか,-,あついしぼう,65,63,45,45,45,45,9.9,20,
499,0,チャオブー,炎,格,もうか,-,あついしぼう,90,93,55,70,55,55,55.5,80,
500,0,エンブオー,炎,格,もうか,-,すてみ,110,123,65,100,65,65,150,100,
501,0,ミジュマル,水,-,げきりゅう,-,シェルアーマー,55,55,45,63,45,45,5.9,20,
502,0,フタチマル,水,-,げきりゅう,-,シェルアーマー,75,75,60,83,60,60,24.5,40,
503,0,ダイケンキ,水,-,げきりゅう,-,シェルアーマー,95,100,85,108,70,70,94.6,80,
504,0,ミネズミ,ノ,-,にげあし,するどいめ,アナライズ,45,55,39,35,39,42,11.6,40,
505,0,ミルホッグ,ノ,-,はっこう,するどいめ,アナライズ,60,85,69,60,69,77,27,60,
506,0,ヨーテリー,ノ,-,やるき,ものひろい,にげあし,45,60,45,25,45,55,4.1,20,
507,0,ハーデリア,ノ,-,いかく,すなかき,きもったま,65,80,65,35,65,60,14.7,40,
508,0,ムーランド,ノ,-,いかく,すなかき,きもったま,85,110,90,45,90,80,61,80,
509,0,チョロネコ,悪,-,じゅうなん,かるわざ,いたずらごころ,41,50,37,50,37,66,10.1,40,
510,0,レパルダス,悪,-,じゅうなん,かるわざ,いたずらごころ,64,88,50,88,50,106,37.5,60,
511,0,ヤナップ,草,-,くいしんぼう,-,しんりょく,50,53,48,53,48,64,10.5,40,
512,0,ヤナッキー,草,-,くいしんぼう,-,しんりょく,75,98,63,98,63,101,30.5,60,
513,0,バオップ,炎,-,くいしんぼう,-,もうか,50,53,48,53,48,64,11,40,
514,0,バオッキー,炎,-,くいしんぼう,-,もうか,75,98,63,98,63,101,28,60,
515,0,ヒヤップ,水,-,くいしんぼう,-,げきりゅう,50,53,48,53,48,64,13.5,40,
516,0,ヒヤッキー,水,-,くいしんぼう,-,げきりゅう,75,98,63,98,63,101,29,60,
517,0,ムンナ,超,-,よちむ,シンクロ,テレパシー,76,25,45,67,55,24,23.3,40,
518,0,ムシャーナ,超,-,よちむ,シンクロ,テレパシー,116,55,85,107,95,29,60.5,80,
519,0,マメパト,ノ,飛,はとむね,きょううん,とうそうしん,50,55,50,36,30,43,2.1,20,
520,0,ハトーボー,ノ,飛,はとむね,きょううん,とうそうしん,62,77,62,50,42,65,15,40,
521,0,ケンホロウ,ノ,飛,はとむね,きょううん,とうそうしん,80,115,80,65,55,93,29,60,
522,0,シママ,電,-,ひらいしん,でんきエンジン,そうしょく,45,60,32,50,32,76,29.8,60,
523,0,ゼブライカ,電,-,ひらいしん,でんきエンジン,そうしょく,75,100,63,80,63,116,79.5,80,
524,0,ダンゴロ,岩,-,がんじょう,くだけるよろい,すなのちから,55,75,85,25,25,15,18,40,
525,0,ガントル,岩,-,がんじょう,くだけるよろい,すなのちから,70,105,105,50,40,20,102,100,
526,0,ギガイアス,岩,-,がんじょう,すなおこし,すなのちから,85,135,130,60,80,25,260,120,
527,0,コロモリ,超,飛,てんねん,ぶきよう,たんじゅん,65,45,43,55,43,72,2.1,20,
528,0,ココロモリ,超,飛,てんねん,ぶきよう,たんじゅん,67,57,55,77,55,114,10.5,40,
529,0,モグリュー,地,-,すなかき,すなのちから,かたやぶり,60,85,40,30,45,68,8.5,20,
530,0,ドリュウズ,地,鋼,すなかき,すなのちから,かたやぶり,110,135,60,50,65,88,40.4,80,
531,0,タブンネ,ノ,-,いやしのこころ,さいせいりょく,ぶきよう,103,60,86,60,86,50,31,60,
531,1,メガタブンネ,ノ,妖,いやしのこころ,-,-,103,60,126,80,126,50,32,60,
532,0,ドッコラー,格,-,こんじょう,ちからずく,てつのこぶし,75,80,55,25,35,35,12.5,40,
533,0,ドテッコツ,格,-,こんじょう,ちからずく,てつのこぶし,85,105,85,40,50,40,40,80,
534,0,ローブシン,格,-,こんじょう,ちからずく,てつのこぶし,105,140,95,55,65,45,87,80,
535,0,オタマロ,水,-,すいすい,うるおいボディ,ちょすい,50,50,40,50,40,64,4.5,20,
536,0,ガマガル,水,地,すいすい,うるおいボディ,ちょすい,75,65,55,65,55,69,17,40,
537,0,ガマゲロゲ,水,地,すいすい,どくしゅ,ちょすい,105,95,75,85,75,74,62,80,
538,0,ナゲキ,格,-,こんじょう,せいしんりょく,かたやぶり,120,100,85,30,85,45,55.5,80,
539,0,ダゲキ,格,-,がんじょう,せいしんりょく,かたやぶり,75,125,75,30,75,85,51,80,
540,0,クルミル,虫,草,むしのしらせ,ようりょくそ,ぼうじん,45,53,70,40,60,42,2.5,20,
541,0,クルマユ,虫,草,リーフガード,ようりょくそ,ぼうじん,55,63,90,50,80,42,7.3,20,
542,0,ハハコモリ,虫,草,むしのしらせ,ようりょくそ,ぼうじん,75,103,80,70,80,92,20.5,40,
543,0,フシデ,虫,毒,どくのトゲ,むしのしらせ,かそく,30,45,59,30,39,57,5.3,20,
544,0,ホイーガ,虫,毒,どくのトゲ,むしのしらせ,かそく,40,55,99,40,79,47,58.5,80,
545,0,ペンドラー,虫,毒,どくのトゲ,むしのしらせ,かそく,60,100,89,55,69,112,200.5,120,
546,0,モンメン,草,妖,いたずらごころ,すりぬけ,ようりょくそ,40,27,60,37,50,66,0.6,20,
547,0,エルフーン,草,妖,いたずらごころ,すりぬけ,ようりょくそ,60,67,85,77,75,116,6.6,20,
548,0,チュリネ,草,-,ようりょくそ,マイペース,リーフガード,45,35,50,70,50,30,6.6,20,
549,0,ドレディア,草,-,ようりょくそ,マイペース,リーフガード,70,60,75,110,75,90,16.3,40,
550,0,バスラオ赤,水,-,すてみ,てきおうりょく,かたやぶり,70,92,65,80,55,98,18,40,
550,1,バスラオ青,水,-,いしあたま,てきおうりょく,かたやぶり,70,92,65,80,55,98,18,40,
551,0,メグロコ,地,悪,いかく,じしんかじょう,いかりのつぼ,50,72,35,35,35,65,15.2,40,
552,0,ワルビル,地,悪,いかく,じしんかじょう,いかりのつぼ,60,82,45,45,45,74,33.4,60,
553,0,ワルビアル,地,悪,いかく,じしんかじょう,いかりのつぼ,95,117,80,65,70,92,96.3,80,
554,0,ダルマッカ,炎,-,はりきり,-,せいしんりょく,70,90,45,15,45,50,40,80,
554,1,ダルマッカG,氷,-,はりきり,-,せいしんりょく,70,90,45,15,45,50,37.5,60,
555,0,ヒヒダルマN,炎,-,ちからずく,-,ダルマモード,105,140,55,30,55,95,120,100,
555,1,ヒヒダルマD,炎,超,ちからずく,-,ダルマモード,105,30,105,140,105,55,120,100,
555,2,ヒヒダルマGN,氷,-,ごりむちゅう,-,ダルマモード,105,140,55,30,55,95,92.9,80,
555,3,ヒヒダルマGD,氷,炎,ごりむちゅう,-,ダルマモード,105,160,55,30,55,135,92.9,80,
556,0,マラカッチ,草,-,ちょすい,ようりょくそ,よびみず,75,86,67,106,67,60,28,60,
557,0,イシズマイ,虫,岩,がんじょう,シェルアーマー,くだけるよろい,50,65,85,35,35,55,14.5,40,
558,0,イワパレス,虫,岩,がんじょう,シェルアーマー,くだけるよろい,70,105,125,65,75,45,200,120,
559,0,ズルッグ,悪,格,だっぴ,じしんかじょう,いかく,50,75,70,35,70,48,11.8,40,
560,0,ズルズキン,悪,格,だっぴ,じしんかじょう,いかく,65,90,115,45,115,58,30,60,
561,0,シンボラー,超,飛,ミラクルスキン,マジックガード,いろめがね,72,58,80,103,80,97,14,40,
562,0,デスマス,霊,-,ミイラ,-,-,38,30,85,55,65,30,1.5,20,
562,1,デスマス_G,地,霊,さまようたましい,-,-,38,55,85,30,65,30,1.5,20,
563,0,デスカーン,霊,-,ミイラ,-,-,58,50,145,95,105,30,76.5,80,
564,0,プロトーガ,水,岩,ハードロック,がんじょう,すいすい,54,78,103,53,45,22,16.5,40,
565,0,アバゴーラ,水,岩,ハードロック,がんじょう,すいすい,74,108,133,83,65,32,81,80,
566,0,アーケン,岩,飛,よわき,-,-,55,112,45,74,45,70,9.5,20,
567,0,アーケオス,岩,飛,よわき,-,-,75,140,65,112,65,110,32,60,
568,0,ヤブクロン,毒,-,あくしゅう,ねんちゃく,ゆうばく,50,50,62,40,62,65,31,60,
569,0,ダストダス,毒,-,あくしゅう,くだけるよろい,ゆうばく,80,95,82,60,82,75,107.3,100,
570,0,ゾロア,悪,-,イリュージョン,-,-,40,65,40,80,40,65,12.5,40,
571,0,ゾロアーク,悪,-,イリュージョン,-,-,60,105,60,120,60,105,81.1,80,
572,0,チラーミィ,ノ,-,メロメロボディ,テクニシャン,スキルリンク,55,50,40,40,40,75,5.8,20,
573,0,チラチーノ,ノ,-,メロメロボディ,テクニシャン,スキルリンク,75,95,60,65,60,115,7.5,20,
574,0,ゴチム,超,-,おみとおし,かちき,かげふみ,45,30,50,55,65,45,5.8,20,
575,0,ゴチミル,超,-,おみとおし,かちき,かげふみ,60,45,70,75,85,55,18,40,
576,0,ゴチルゼル,超,-,おみとおし,かちき,かげふみ,70,55,95,95,110,65,44,80,
577,0,ユニラン,超,-,ぼうじん,マジックガード,さいせいりょく,45,30,40,105,50,20,1,20,
578,0,ダブラン,超,-,ぼうじん,マジックガード,さいせいりょく,65,40,50,125,60,30,8,20,
579,0,ランクルス,超,-,ぼうじん,マジックガード,さいせいりょく,110,65,75,125,85,30,20.1,40,
580,0,コアルヒー,水,飛,するどいめ,はとむね,うるおいボディ,62,44,50,44,50,55,5.5,20,
581,0,スワンナ,水,飛,するどいめ,はとむね,うるおいボディ,75,87,63,87,63,98,24.2,40,
582,0,バニプッチ,氷,-,アイスボディ,ゆきがくれ,くだけるよろい,36,50,50,65,60,44,5.7,20,
583,0,バニリッチ,氷,-,アイスボディ,ゆきがくれ,くだけるよろい,51,65,65,80,75,59,41,80,
584,0,バイバニラ,氷,-,アイスボディ,ゆきふらし,くだけるよろい,71,95,85,110,95,79,57.5,80,
585,0,シキジカ,ノ,草,ようりょくそ,そうしょく,てんのめぐみ,60,60,50,40,50,75,19.5,40,
586,0,メブキジカ,ノ,草,ようりょくそ,そうしょく,てんのめぐみ,80,100,70,60,70,95,92.5,80,
587,0,エモンガ,電,飛,せいでんき,-,でんきエンジン,55,75,60,75,60,103,5,20,
588,0,カブルモ,虫,-,むしのしらせ,だっぴ,ノーガード,50,75,45,40,45,60,5.9,20,
589,0,シュバルゴ,虫,鋼,むしのしらせ,シェルアーマー,ぼうじん,70,135,105,60,105,20,33,60,
590,0,タマゲタケ,草,毒,ほうし,-,さいせいりょく,69,55,45,55,55,15,1,20,
591,0,モロバレル,草,毒,ほうし,-,さいせいりょく,114,85,70,85,80,30,10.5,40,
592,0,プルリル,水,霊,ちょすい,のろわれボディ,しめりけ,55,40,50,65,85,40,33,60,
593,0,ブルンゲル,水,霊,ちょすい,のろわれボディ,しめりけ,100,60,70,85,105,60,135,100,
594,0,ママンボウ,水,-,いやしのこころ,うるおいボディ,さいせいりょく,165,75,80,40,45,65,31.6,60,
595,0,バチュル,虫,電,ふくがん,きんちょうかん,むしのしらせ,50,47,50,57,50,65,0.6,20,
596,0,デンチュラ,虫,電,ふくがん,きんちょうかん,むしのしらせ,70,77,60,97,60,108,14.3,40,
597,0,テッシード,草,鋼,てつのトゲ,-,てつのトゲ,44,50,91,24,86,10,18.8,40,
598,0,ナットレイ,草,鋼,てつのトゲ,-,きけんよち,74,94,131,54,116,20,110,100,
599,0,ギアル,鋼,-,プラス,マイナス,クリアボディ,40,55,70,45,60,30,21,40,
600,0,ギギアル,鋼,-,プラス,マイナス,クリアボディ,60,80,95,70,85,50,51,80,
601,0,ギギギアル,鋼,-,プラス,マイナス,クリアボディ,60,100,115,70,85,90,81,80,
602,0,シビシラス,電,-,ふゆう,-,-,35,55,40,45,40,60,0.3,20,
603,0,シビビール,電,-,ふゆう,-,-,65,85,70,75,70,40,22,40,
604,0,シビルドン,電,-,ふゆう,-,-,85,115,80,105,80,50,80.5,80,
605,0,リグレー,超,-,テレパシー,シンクロ,アナライズ,55,55,55,85,55,30,9,20,
606,0,オーベム,超,-,テレパシー,シンクロ,アナライズ,75,75,75,125,95,40,34.5,60,
607,0,ヒトモシ,霊,炎,もらいび,ほのおのからだ,すりぬけ,50,30,55,65,55,20,3.1,20,
608,0,ランプラー,霊,炎,もらいび,ほのおのからだ,すりぬけ,60,40,60,95,60,55,13,40,
609,0,シャンデラ,霊,炎,もらいび,ほのおのからだ,すりぬけ,60,55,90,145,90,80,34.3,60,
610,0,キバゴ,竜,-,とうそうしん,かたやぶり,きんちょうかん,46,87,60,30,40,57,18,40,
611,0,オノンド,竜,-,とうそうしん,かたやぶり,きんちょうかん,66,117,70,40,50,67,36,60,
612,0,オノノクス,竜,-,とうそうしん,かたやぶり,きんちょうかん,76,147,90,60,70,97,105.5,100,
613,0,クマシュン,氷,-,ゆきがくれ,ゆきかき,びびり,55,70,40,60,40,40,8.5,20,
614,0,ツンベアー,氷,-,ゆきがくれ,ゆきかき,すいすい,95,130,80,70,80,50,260,120,
615,0,フリージオ,氷,-,ふゆう,-,-,80,50,50,95,135,105,148,100,
616,0,チョボマキ,虫,-,うるおいボディ,シェルアーマー,ぼうじん,50,40,85,40,65,25,7.7,20,
617,0,アギルダー,虫,-,うるおいボディ,ねんちゃく,かるわざ,80,70,40,100,60,145,25.3,60,
618,0,マッギョ,地,電,せいでんき,じゅうなん,すながくれ,109,66,84,81,99,32,11,40,
618,1,マッギョ_G,地,鋼,ぎたい,-,-,109,81,99,66,84,32,20.5,40,
619,0,コジョフー,格,-,せいしんりょく,さいせいりょく,すてみ,45,85,50,55,50,65,20,40,
620,0,コジョンド,格,-,せいしんりょく,さいせいりょく,すてみ,65,125,60,95,60,105,35.5,60,
621,0,クリムガン,竜,-,さめはだ,ちからずく,かたやぶり,77,120,90,60,90,48,139,100,
622,0,ゴビット,地,霊,てつのこぶし,ぶきよう,ノーガード,59,74,50,35,50,35,92,80,
623,0,ゴルーグ,地,霊,てつのこぶし,ぶきよう,ノーガード,89,124,80,55,80,55,330,120,
624,0,コマタナ,悪,鋼,まけんき,せいしんりょく,プレッシャー,45,85,70,40,40,60,10.2,40,
625,0,キリキザン,悪,鋼,まけんき,せいしんりょく,プレッシャー,65,125,100,60,70,70,70,80,
626,0,バッフロン,ノ,-,すてみ,そうしょく,ぼうおん,95,110,95,40,95,55,94.6,80,
627,0,ワシボン,ノ,飛,するどいめ,ちからずく,はりきり,70,83,50,37,50,60,10.5,40,
628,0,ウォーグル,ノ,飛,するどいめ,ちからずく,まけんき,100,123,75,57,75,80,41,80,
629,0,バルチャイ,悪,飛,はとむね,ぼうじん,くだけるよろい,70,55,75,45,65,60,9,20,
630,0,バルジーナ,悪,飛,はとむね,ぼうじん,くだけるよろい,110,65,105,55,95,80,39.5,60,
631,0,クイタラン,炎,-,くいしんぼう,もらいび,しろいけむり,85,97,66,105,66,65,58,80,
632,0,アイアント,虫,鋼,むしのしらせ,はりきり,なまけ,58,109,112,48,48,109,33,60,
633,0,モノズ,悪,竜,はりきり,-,-,52,65,50,45,50,38,17.3,40,
634,0,ジヘッド,悪,竜,はりきり,-,-,72,85,70,65,70,58,50,80,
635,0,サザンドラ,悪,竜,ふゆう,-,-,92,105,90,125,90,98,160,100,
636,0,メラルバ,虫,炎,ほのおのからだ,-,むしのしらせ,55,85,55,50,55,60,28.8,60,
637,0,ウルガモス,虫,炎,ほのおのからだ,-,むしのしらせ,85,60,65,135,105,100,46,80,
638,0,コバルオン,鋼,格,せいぎのこころ,-,-,91,90,129,90,72,108,250,120,
639,0,テラキオン,岩,格,せいぎのこころ,-,-,91,129,90,72,90,108,260,120,
640,0,ビリジオン,草,格,せいぎのこころ,-,-,91,90,72,90,129,108,200,120,
641,0,トルネロス化身,飛,-,いたずらごころ,-,まけんき,79,115,70,125,80,111,63,80,
641,1,トルネロス霊獣,飛,-,さいせいりょく,-,-,79,100,80,110,90,121,63,80,
642,0,ボルトロス化身,電,飛,いたずらごころ,-,まけんき,79,115,70,125,80,111,61,80,
642,1,ボルトロス霊獣,電,飛,ちくでん,-,-,79,105,70,145,80,101,61,80,
643,0,レシラム,竜,炎,ターボブレイズ,-,-,100,120,100,150,120,90,330,120,
644,0,ゼクロム,竜,電,テラボルテージ,-,-,100,150,120,120,100,90,345,120,
645,0,ランドロス化身,地,飛,すなのちから,-,ちからずく,89,125,90,115,80,101,68,80,
645,1,ランドロス霊獣,地,飛,いかく,-,-,89,145,90,105,80,91,68,80,
646,0,キュレム,竜,氷,プレッシャー,-,-,125,130,90,130,90,95,325,120,
646,1,ブラックキュレム,竜,氷,テラボルテージ,-,-,125,170,100,120,90,95,325,120,
646,2,ホワイトキュレム,竜,氷,ターボブレイズ,-,-,125,120,90,170,100,95,325,120,
647,0,ケルディオ,水,格,せいぎのこころ,-,-,91,72,90,129,90,108,48.5,80,
647,1,ケルディオ覚悟,水,格,せいぎのこころ,-,-,91,72,90,129,90,108,48.5,80,
648,0,メロエッタＶ,ノ,超,てんのめぐみ,-,-,100,77,77,128,128,90,6.5,20,
648,1,メロエッタＳ,ノ,格,てんのめぐみ,-,-,100,128,90,77,77,128,6.5,20,
649,0,ゲノセクト,虫,鋼,ダウンロード,-,-,71,120,95,120,95,99,82.5,80,
650,0,ハリマロン,草,-,しんりょく,-,ぼうだん,56,61,65,48,45,38,9,20,
651,0,ハリボーグ,草,-,しんりょく,-,ぼうだん,61,78,95,56,58,57,29,60,
652,0,ブリガロン,草,格,しんりょく,-,ぼうだん,88,107,122,74,75,64,90,80,
653,0,フォッコ,炎,-,もうか,-,マジシャン,40,45,40,62,60,60,9.4,20,
654,0,テールナー,炎,-,もうか,-,マジシャン,59,59,58,90,70,73,14.5,40,
655,0,マフォクシー,炎,超,もうか,-,マジシャン,75,69,72,114,100,104,39,60,
656,0,ケロマツ,水,-,げきりゅう,-,へんげんじざい,41,56,40,62,44,71,7,20,
657,0,ゲコガシラ,水,-,げきりゅう,-,へんげんじざい,54,63,52,83,56,97,10.9,40,
658,0,ゲッコウガ,水,悪,げきりゅう,-,へんげんじざい,72,95,67,103,71,122,40,80,
659,0,ホルビー,ノ,-,ものひろい,ほおぶくろ,ちからもち,38,36,38,32,36,57,40,80,
660,0,ホルード,ノ,地,ものひろい,ほおぶくろ,ちからもち,85,56,77,50,77,78,5,20,
661,0,ヤヤコマ,ノ,飛,はとむね,-,はやてのつばさ,45,50,43,40,38,62,42.4,80,
662,0,ヒノヤコマ,炎,飛,ほのおのからだ,-,はやてのつばさ,62,73,55,56,52,84,1.7,20,
663,0,ファイアロー,炎,飛,ほのおのからだ,-,はやてのつばさ,78,81,71,74,69,126,16,40,
664,0,コフキムシ,虫,-,りんぷん,ふくがん,フレンドガード,38,35,40,27,25,35,24.5,40,
665,0,コフーライ,虫,-,だっぴ,-,フレンドガード,45,22,60,27,30,29,2.5,20,
666,0,ビビヨン,虫,飛,りんぷん,ふくがん,フレンドガード,80,52,50,90,50,89,8.4,20,
667,0,シシコ,炎,ノ,とうそうしん,きんちょうかん,じしんかじょう,62,50,58,73,54,72,17,40,
668,0,カエンジシ,炎,ノ,とうそうしん,きんちょうかん,じしんかじょう,86,68,72,109,66,106,13.5,40,
669,0,フラベベ,妖,-,フラワーベール,-,きょうせい,44,38,39,61,79,42,81.5,80,
670,0,フラエッテ,妖,-,フラワーベール,-,きょうせい,54,45,47,75,98,52,0.1,20,
670,1,フラエッテＡＺ,妖,-,フラワーベール,-,きょうせい,74,65,67,125,128,92,0.9,20,
671,0,フラージェス,妖,-,フラワーベール,-,きょうせい,78,65,68,112,154,75,10,40,
672,0,メェークル,草,-,そうしょく,-,くさのけがわ,66,65,48,62,57,52,31,60,
673,0,ゴーゴート,草,-,そうしょく,-,くさのけがわ,123,100,62,97,81,68,91,80,
674,0,ヤンチャム,格,-,てつのこぶし,かたやぶり,きもったま,67,82,62,46,48,43,8,20,
675,0,ゴロンダ,格,悪,てつのこぶし,かたやぶり,きもったま,95,124,78,69,71,58,136,100,
676,0,トリミアン,ノ,-,ファーコート,-,-,75,80,60,65,90,102,28,60,
677,0,ニャスパー,超,-,するどいめ,すりぬけ,マイペース,62,48,54,63,60,68,3.5,20,
678,0,ニャオニクス♂,超,-,するどいめ,すりぬけ,いたずらごころ,74,48,76,83,81,104,8.5,20,
678,1,ニャオニクス♀,超,-,するどいめ,すりぬけ,かちき,74,48,76,83,81,104,8.5,20,
679,0,ヒトツキ,鋼,霊,ノーガード,-,-,45,80,100,35,37,28,2,20,
680,0,ニダンギル,鋼,霊,ノーガード,-,-,59,110,150,45,49,35,4.5,20,
681,0,ギルガルド盾,鋼,霊,バトルスイッチ,-,-,60,50,140,50,140,60,53,80,
681,1,ギルガルド剣,鋼,霊,バトルスイッチ,-,-,60,140,50,140,50,60,53,80,
682,0,シュシュプ,妖,-,いやしのこころ,-,アロマベール,78,52,60,63,65,23,0.5,20,
683,0,フレフワン,妖,-,いやしのこころ,-,アロマベール,101,72,72,99,89,29,15.5,40,
684,0,ペロッパフ,妖,-,スイートベール,-,かるわざ,62,48,66,59,57,49,3.5,20,
685,0,ペロリーム,妖,-,スイートベール,-,かるわざ,82,80,86,85,75,72,5,20,
686,0,マーイーカ,悪,超,あまのじゃく,きゅうばん,すりぬけ,53,54,53,37,46,45,3.5,20,
687,0,カラマネロ,悪,超,あまのじゃく,きゅうばん,すりぬけ,86,92,88,68,75,73,47,80,
688,0,カメテテ,岩,水,かたいツメ,スナイパー,わるいてぐせ,42,52,67,39,56,50,31,60,
689,0,ガメノデス,岩,水,かたいツメ,スナイパー,わるいてぐせ,72,105,115,54,86,68,96,80,
690,0,クズモー,毒,水,どくのトゲ,どくしゅ,てきおうりょく,50,60,60,60,60,30,7.3,20,
691,0,ドラミドロ,毒,竜,どくのトゲ,どくしゅ,てきおうりょく,65,75,90,97,123,44,81.5,80,
692,0,ウデッポウ,水,-,メガランチャー,-,-,50,53,62,58,63,44,8.3,20,
693,0,ブロスター,水,-,メガランチャー,-,-,71,73,88,120,89,59,35.3,60,
694,0,エリキテル,電,ノ,かんそうはだ,すながくれ,サンパワー,44,38,33,61,43,70,6,20,
695,0,エレザード,電,ノ,かんそうはだ,すながくれ,サンパワー,62,55,52,109,94,109,21,40,
696,0,チゴラス,岩,竜,がんじょうあご,-,がんじょう,58,89,77,45,45,48,26,60,
697,0,ガチゴラス,岩,竜,がんじょうあご,-,いしあたま,82,121,119,69,59,71,270,120,
698,0,アマルス,岩,氷,フリーズスキン,-,ゆきふらし,77,59,50,67,63,46,25.2,60,
699,0,アマルルガ,岩,氷,フリーズスキン,-,ゆきふらし,123,77,72,99,92,58,225,120,
700,0,ニンフィア,妖,-,メロメロボディ,-,フェアリースキン,95,65,65,110,130,60,23.5,40,
701,0,ルチャブル,格,飛,じゅうなん,かるわざ,かたやぶり,78,92,75,74,63,118,21.5,40,
702,0,デデンネ,電,妖,ほおぶくろ,ものひろい,プラス,67,58,57,81,67,101,2.2,20,
703,0,メレシー,岩,妖,クリアボディ,-,がんじょう,50,50,150,50,150,50,5.7,20,
704,0,ヌメラ,竜,-,そうしょく,うるおいボディ,ぬめぬめ,45,50,35,55,75,40,2.8,20,
705,0,ヌメイル,竜,-,そうしょく,うるおいボディ,ぬめぬめ,68,75,53,83,113,60,17.5,40,
706,0,ヌメルゴン,竜,-,そうしょく,うるおいボディ,ぬめぬめ,90,100,70,110,150,80,150.5,100,
707,0,クレッフィ,鋼,妖,いたずらごころ,-,マジシャン,57,80,91,80,87,75,3,20,
708,0,ボクレー,霊,草,しぜんかいふく,おみとおし,しゅうかく,43,70,48,50,60,38,7,20,
709,0,オーロット,霊,草,しぜんかいふく,おみとおし,しゅうかく,85,110,76,65,82,56,71,80,
710,0,バケッチャ,霊,草,ものひろい,おみとおし,ふみん,49,66,70,44,55,51,5,20,
710,0,バケッチャ小,霊,草,ものひろい,おみとおし,ふみん,44,66,70,44,55,56,3.5,20,
710,0,バケッチャ大,霊,草,ものひろい,おみとおし,ふみん,54,66,70,44,55,46,7.5,20,
710,0,バケッチャ特大,霊,草,ものひろい,おみとおし,ふみん,59,66,70,44,55,41,15,40,
711,0,パンプジン,霊,草,ものひろい,おみとおし,ふみん,65,90,122,58,75,84,12.5,40,
711,1,パンプジン小,霊,草,ものひろい,おみとおし,ふみん,55,85,122,58,75,99,9.5,20,
711,2,パンプジン大,霊,草,ものひろい,おみとおし,ふみん,75,95,122,58,75,69,14,40,
711,3,パンプジン特大,霊,草,ものひろい,おみとおし,ふみん,85,100,122,58,75,54,39,60,
712,0,カチコール,氷,-,マイペース,アイスボディ,がんじょう,55,69,85,32,35,28,99.5,80,
713,0,クレベース,氷,-,マイペース,アイスボディ,がんじょう,95,117,184,44,46,28,505,120,
714,0,オンバット,飛,竜,おみとおし,すりぬけ,テレパシー,40,30,35,45,40,55,8,20,
715,0,オンバーン,飛,竜,おみとおし,すりぬけ,テレパシー,85,70,80,97,80,123,85,80,
716,0,ゼルネアス,妖,-,フェアリーオーラ,-,-,126,131,95,131,98,99,215,120,
717,0,イベルタル,悪,飛,ダークオーラ,-,-,126,131,95,131,98,99,203,120,
718,0,ジガルデ10%,竜,地,オーラブレイク,スワームチェンジ,-,54,100,71,61,85,115,305,120,
718,1,ジガルデ50%,竜,地,オーラブレイク,スワームチェンジ,-,108,100,121,81,95,95,33.5,60,
718,2,ジガルデ完全,竜,地,スワームチェンジ,-,-,216,100,121,91,95,85,610,120,
719,0,ディアンシー,岩,妖,クリアボディ,-,-,50,100,150,100,150,50,8.8,20,
719,1,メガディアンシー,岩,妖,マジックミラー,-,-,50,160,110,160,110,110,27.8,60,
720,0,フーパ戒め,超,霊,マジシャン,-,-,80,110,60,150,130,70,9,20,
720,1,フーパ解放,超,悪,マジシャン,-,-,80,160,60,170,130,80,490,120,
721,0,ボルケニオン,炎,水,ちょすい,-,-,80,110,120,130,90,70,195,100,
722,0,モクロー,草,飛,しんりょく,-,えんかく,68,55,55,50,50,42,1.5,20,
723,0,フクスロー,草,飛,しんりょく,-,えんかく,78,75,75,70,70,52,16,40,
724,0,ジュナイパー,草,霊,しんりょく,-,えんかく,78,107,75,100,100,70,36.6,60,
725,0,ニャビー,炎,-,もうか,-,いかく,45,65,40,60,40,70,4.3,20,
726,0,ニャヒート,炎,-,もうか,-,いかく,65,85,50,80,50,90,25,60,
727,0,ガオガエン,炎,悪,もうか,-,いかく,95,115,90,80,90,60,83,80,
728,0,アシマリ,水,-,げきりゅう,-,うるおいボイス,50,54,54,66,56,40,7.5,20,
729,0,オシャマリ,水,-,げきりゅう,-,うるおいボイス,60,69,69,91,81,50,17.5,40,
730,0,アシレーヌ,水,妖,げきりゅう,-,うるおいボイス,80,74,74,126,116,60,44,80,
731,0,ツツケラ,ノ,飛,するどいめ,スキルリンク,ものひろい,35,75,30,30,30,65,1.2,20,
732,0,ケララッパ,ノ,飛,するどいめ,スキルリンク,ものひろい,55,85,50,40,50,75,14.8,40,
733,0,ドデカバシ,ノ,飛,するどいめ,スキルリンク,ちからずく,80,120,75,75,75,60,26,60,
734,0,ヤングース,ノ,-,はりこみ,がんじょうあご,てきおうりょく,48,70,30,30,30,45,6,20,
735,0,デカグース,ノ,-,はりこみ,がんじょうあご,てきおうりょく,88,110,60,55,60,45,14.2,40,
736,0,アゴジムシ,虫,-,むしのしらせ,-,-,47,62,45,55,45,46,4.4,20,
737,0,デンヂムシ,虫,電,バッテリー,-,-,57,82,95,55,75,36,10.5,40,
738,0,クワガノン,虫,電,ふゆう,-,-,77,70,90,145,75,43,45,80,
739,0,マケンカニ,格,-,かいりきバサミ,てつのこぶし,いかりのつぼ,47,82,57,42,47,63,7,20,
740,0,ケケンカニ,格,氷,かいりきバサミ,てつのこぶし,いかりのつぼ,97,132,77,62,67,43,180,100,
741,0,オドリドリ_めらめら,炎,飛,おどりこ,-,-,75,70,70,98,70,93,3.4,20,
741,1,オドリドリ_ぱちぱち,電,飛,おどりこ,-,-,75,70,70,98,70,93,3.4,20,
741,2,オドリドリ_ふらふら,超,飛,おどりこ,-,-,75,70,70,98,70,93,3.4,20,
741,3,オドリドリ_まいまい,霊,飛,おどりこ,-,-,75,70,70,98,70,93,3.4,20,
742,0,アブリー,虫,妖,みつあつめ,りんぷん,スイートベール,40,45,40,55,40,84,0.2,20,
743,0,アブリボン,虫,妖,みつあつめ,りんぷん,スイートベール,60,55,60,95,70,124,0.5,20,
744,0,イワンコ,岩,-,するどいめ,やるき,ふくつのこころ,45,65,40,30,40,60,9.2,20,
745,0,ルガルガン昼,岩,-,するどいめ,すなかき,ふくつのこころ,75,115,65,55,65,112,25,60,
745,1,ルガルガン夜,岩,-,するどいめ,やるき,ノーガード,85,115,75,55,75,82,25,60,
745,2,ルガルガン黄昏,岩,-,かたいツメ,-,-,75,117,65,55,65,110,25,60,
746,0,ヨワシ,水,-,ぎょぐん,-,ぎょぐん,45,20,20,25,25,40,0.3,20,
746,1,ヨワシ_群れ,水,-,ぎょぐん,-,ぎょぐん,45,140,130,140,135,30,78.6,80,
747,0,ヒドイデ,毒,水,ひとでなし,じゅうなん,さいせいりょく,50,53,62,43,52,45,8,20,
748,0,ドヒドイデ,毒,水,ひとでなし,じゅうなん,さいせいりょく,50,63,152,53,142,35,14.5,40,
749,0,ドロバンコ,地,-,マイペース,じきゅうりょく,せいしんりょく,70,100,70,45,55,45,110,100,
750,0,バンバドロ,地,-,マイペース,じきゅうりょく,せいしんりょく,100,125,100,55,85,35,920,120,
751,0,シズクモ,水,虫,すいほう,-,ちょすい,38,40,52,40,72,27,4,20,
752,0,オニシズクモ,水,虫,すいほう,-,ちょすい,68,70,92,50,132,42,82,80,
753,0,カリキリ,草,-,リーフガード,-,あまのじゃく,40,55,35,50,35,35,1.5,20,
754,0,ラランテス,草,-,リーフガード,-,あまのじゃく,70,105,90,80,90,45,18.5,40,
755,0,ネマシュ,草,妖,はっこう,ほうし,あめうけざら,40,35,55,65,75,15,1.5,20,
756,0,マシェード,草,妖,はっこう,ほうし,あめうけざら,60,45,80,90,100,30,11.5,40,
757,0,ヤトウモリ,毒,炎,ふしょく,-,どんかん,48,44,40,71,40,77,4.8,20,
758,0,エンニュート,毒,炎,ふしょく,-,どんかん,68,64,60,111,60,117,22.2,40,
759,0,ヌイコグマ,ノ,格,もふもふ,ぶきよう,メロメロボディ,70,75,50,45,50,50,6.8,20,
760,0,キテルグマ,ノ,格,もふもふ,ぶきよう,きんちょうかん,120,125,80,55,60,60,135,100,
761,0,アマカジ,草,-,リーフガード,どんかん,スイートベール,42,30,38,30,38,32,3.2,20,
762,0,アママイコ,草,-,リーフガード,どんかん,スイートベール,52,40,48,40,48,62,8.2,20,
763,0,アマージョ,草,-,リーフガード,じょうおうのいげん,スイートベール,72,120,98,50,98,72,21.4,40,
764,0,キュワワー,妖,-,フラワーベール,ヒーリングシフト,しぜんかいふく,51,52,90,82,110,100,0.3,20,
765,0,ヤレユータン,ノ,超,せいしんりょく,テレパシー,きょうせい,90,60,80,90,110,60,76,80,
766,0,ナゲツケサル,格,-,レシーバー,-,まけんき,100,120,90,40,60,80,82.8,80,
767,0,コソクムシ,虫,水,にげごし,-,-,25,35,40,20,30,80,12,40,
768,0,グソクムシャ,虫,水,ききかいひ,-,-,75,125,140,60,90,40,108,100,
769,0,スナバァ,霊,地,みずがため,-,すながくれ,55,55,80,70,45,15,70,80,
770,0,シロデスナ,霊,地,みずがため,-,すながくれ,85,75,110,100,75,35,250,120,
771,0,ナマコブシ,水,-,とびだすなかみ,-,てんねん,55,60,130,30,130,5,1.2,20,
772,0,タイプ_ヌル,ノ,-,カブトアーマー,-,-,95,95,95,95,95,59,120.5,100,
773,0,シルヴァディ,ノ,-,ARシステム,-,-,95,95,95,95,95,95,100.5,100,
773,1,シルヴァディ格,格,-,ARシステム,-,-,95,95,95,95,95,95,100.5,100,
773,2,シルヴァディ飛,飛,-,ARシステム,-,-,95,95,95,95,95,95,100.5,100,
773,3,シルヴァディ毒,毒,-,ARシステム,-,-,95,95,95,95,95,95,100.5,100,
773,4,シルヴァディ地,地,-,ARシステム,-,-,95,95,95,95,95,95,100.5,100,
773,5,シルヴァディ岩,岩,-,ARシステム,-,-,95,95,95,95,95,95,100.5,100,
773,6,シルヴァディ虫,虫,-,ARシステム,-,-,95,95,95,95,95,95,100.5,100,
773,7,シルヴァディ霊,霊,-,ARシステム,-,-,95,95,95,95,95,95,100.5,100,
773,8,シルヴァディ鋼,鋼,-,ARシステム,-,-,95,95,95,95,95,95,100.5,100,
773,9,シルヴァディ炎,炎,-,ARシステム,-,-,95,95,95,95,95,95,100.5,100,
773,10,シルヴァディ水,水,-,ARシステム,-,-,95,95,95,95,95,95,100.5,100,
773,11,シルヴァディ草,草,-,ARシステム,-,-,95,95,95,95,95,95,100.5,100,
773,12,シルヴァディ電,電,-,ARシステム,-,-,95,95,95,95,95,95,100.5,100,
773,13,シルヴァディ超,超,-,ARシステム,-,-,95,95,95,95,95,95,100.5,100,
773,14,シルヴァディ氷,氷,-,ARシステム,-,-,95,95,95,95,95,95,100.5,100,
773,15,シルヴァディ竜,竜,-,ARシステム,-,-,95,95,95,95,95,95,100.5,100,
773,16,シルヴァディ悪,悪,-,ARシステム,-,-,95,95,95,95,95,95,100.5,100,
773,17,シルヴァディ妖,妖,-,ARシステム,-,-,95,95,95,95,95,95,100.5,100,
774,0,メテノ_流星,岩,飛,リミットシールド,-,-,60,60,100,60,100,60,40,80,
774,1,メテノ_コア,岩,飛,リミットシールド,-,-,60,100,60,100,60,120,0.3,20,
775,0,ネッコアラ,ノ,-,ぜったいねむり,-,-,65,115,65,75,95,65,19.9,40,
776,0,バクガメス,炎,竜,シェルアーマー,-,-,60,78,135,91,85,36,212,120,
777,0,トゲデマル,電,鋼,てつのトゲ,ひらいしん,がんじょう,65,98,63,40,73,96,3.3,20,
778,0,ミミッキュ,霊,妖,ばけのかわ,-,-,55,90,80,50,105,96,0.7,20,
779,0,ハギギシリ,水,超,ビビッドボディ,がんじょうあご,ミラクルスキン,68,105,70,70,70,92,19,40,
780,0,ジジーロン,ノ,竜,ぎゃくじょう,そうしょく,ノーてんき,78,60,85,135,91,36,185,100,
781,0,ダダリン,霊,草,はがねつかい,-,-,70,131,100,86,90,40,210,120,
782,0,ジャラコ,竜,-,ぼうだん,ぼうおん,ぼうじん,45,55,65,45,45,45,29.7,60,
783,0,ジャランゴ,竜,格,ぼうだん,ぼうおん,ぼうじん,55,75,90,65,70,65,47,80,
784,0,ジャラランガ,竜,格,ぼうだん,ぼうおん,ぼうじん,75,110,125,100,105,85,78.2,80,
785,0,カプ・コケコ,電,妖,エレキメイカー,-,テレパシー,70,115,85,95,75,130,20.5,40,
786,0,カプ・テテフ,超,妖,サイコメイカー,-,テレパシー,70,85,75,130,115,95,18.6,40,
787,0,カプ・ブルル,草,妖,グラスメイカー,-,テレパシー,70,130,115,85,95,75,45.5,80,
788,0,カプ・レヒレ,水,妖,ミストメイカー,-,テレパシー,70,75,115,95,130,85,21.2,40,
789,0,コスモッグ,超,-,てんねん,-,-,43,29,31,29,31,37,0.1,20,
790,0,コスモウム,超,-,がんじょう,-,-,43,29,131,29,131,37,999.9,120,
791,0,ソルガレオ,超,鋼,メタルプロテクト,-,-,137,137,107,113,89,97,230,120,
792,0,ルナアーラ,超,霊,ファントムガード,-,-,137,113,89,137,107,97,120,100,
793,0,ウツロイド,岩,毒,ビーストブースト,-,-,109,53,47,127,131,103,55.5,80,
794,0,マッシブーン,虫,格,ビーストブースト,-,-,107,139,139,53,53,79,333.6,120,
795,0,フェローチェ,虫,格,ビーストブースト,-,-,71,137,37,137,37,151,25,60,
796,0,デンジュモク,電,-,ビーストブースト,-,-,83,89,71,173,71,83,100,100,
797,0,テッカグヤ,鋼,飛,ビーストブースト,-,-,97,101,103,107,101,61,999.9,120,
798,0,カミツルギ,草,鋼,ビーストブースト,-,-,59,181,131,59,31,109,0.1,20,
799,0,アクジキング,悪,竜,ビーストブースト,-,-,223,101,53,97,53,43,888,120,
800,0,ネクロズマ,超,-,プリズムアーマー,-,-,97,107,101,127,89,79,230,120,
800,1,ネクロズマたそがれ,超,鋼,プリズムアーマー,-,-,97,157,127,113,109,77,460,120,
800,2,ネクロズマあかつき,超,霊,プリズムアーマー,-,-,97,113,109,157,127,77,350,120,
800,3,ウルトラネクロズマ,超,竜,ブレインフォース,-,-,97,167,97,167,97,129,230,120,
801,0,マギアナ,鋼,妖,ソウルハート,-,-,80,95,115,130,115,65,80.5,80,
802,0,マーシャドー,格,霊,テクニシャン,-,-,90,125,80,90,90,125,22.2,40,
803,0,ベベノム,毒,-,ビーストブースト,-,-,67,73,67,73,67,73,1.8,20,
804,0,アーゴヨン,毒,竜,ビーストブースト,-,-,73,73,73,127,73,121,150,100,
805,0,ツンデツンデ,岩,鋼,ビーストブースト,-,-,61,131,211,53,101,13,820,120,
806,0,ズガドーン,炎,霊,ビーストブースト,-,-,53,127,53,151,79,107,13,40,
807,0,ゼラオラ,電,-,ちくでん,-,-,88,112,75,102,80,143,44.5,80,
808,0,メルタン,鋼,-,じりょく,-,-,46,65,65,55,35,34,8,20,
809,0,メルメタル,鋼,-,てつのこぶし,-,-,135,143,143,80,65,34,800,120,
810,0,サルノリ,草,-,しんりょく,-,グラスメイカー,50,65,50,40,40,65,5,20,
811,0,バチンキー,草,-,しんりょく,-,グラスメイカー,70,85,70,55,60,80,14,40,
812,0,ゴリランダー,草,-,しんりょく,-,グラスメイカー,100,125,90,60,70,85,90,80,
813,0,ヒバニー,炎,-,もうか,-,リベロ,50,71,40,40,40,69,4.5,20,
814,0,ラビフット,炎,-,もうか,-,リベロ,65,86,60,55,60,94,9,20,
815,0,エースバーン,炎,-,もうか,-,リベロ,80,116,75,65,75,119,33,60,
816,0,メッソン,水,-,げきりゅう,-,スナイパー,50,40,40,70,40,70,4,20,
817,0,ジメレオン,水,-,げきりゅう,-,スナイパー,65,60,55,95,55,90,11.5,40,
818,0,インテレオン,水,-,げきりゅう,-,スナイパー,70,85,65,125,65,120,45.2,80,
819,0,ホシガリス,ノ,-,ほおぶくろ,-,くいしんぼう,70,55,55,35,35,25,2.5,20,
820,0,ヨクバリス,ノ,-,ほおぶくろ,-,くいしんぼう,120,95,95,55,75,20,6,20,
821,0,ココガラ,飛,-,するどいめ,きんちょうかん,はとむね,38,47,35,33,35,57,1.8,20,
822,0,アオガラス,飛,-,するどいめ,きんちょうかん,はとむね,68,67,55,43,55,77,16,40,
823,0,アーマーガア,飛,鋼,プレッシャー,きんちょうかん,ミラーアーマー,98,87,105,53,85,67,75,80,
824,0,サッチムシ,虫,-,むしのしらせ,ふくがん,テレパシー,25,20,20,25,45,45,8,20,
825,0,レドームシ,虫,超,むしのしらせ,ふくがん,テレパシー,50,35,80,50,90,30,19.5,40,
826,0,イオルブ,虫,超,むしのしらせ,おみとおし,テレパシー,60,45,110,80,120,90,40.8,80,
827,0,クスネ,悪,-,にげあし,かるわざ,はりこみ,40,28,28,47,52,50,8.9,20,
828,0,フォクスライ,悪,-,にげあし,かるわざ,はりこみ,70,58,58,87,92,90,19.9,40,
829,0,ヒメンカ,草,-,わたげ,さいせいりょく,ほうし,40,40,60,40,60,10,2.2,20,
830,0,ワタシラガ,草,-,わたげ,さいせいりょく,ほうし,60,50,90,80,120,60,2.5,20,
831,0,ウールー,ノ,-,もふもふ,にげあし,ぼうだん,42,40,55,40,45,48,6,20,
832,0,バイウールー,ノ,-,もふもふ,ふくつのこころ,ぼうだん,72,80,100,60,90,88,43,80,
833,0,カムカメ,水,-,がんじょうあご,シェルアーマー,すいすい,50,64,50,38,38,44,8.5,20,
834,0,カジリガメ,水,-,がんじょうあご,シェルアーマー,すいすい,90,115,90,48,68,74,115.5,100,
835,0,ワンパチ,電,-,たまひろい,-,びびり,59,45,50,40,50,26,13.5,40,
836,0,パルスワン,電,-,がんじょうあご,-,かちき,69,90,60,90,60,121,34,60,
837,0,タンドン,岩,-,じょうききかん,たいねつ,もらいび,30,40,50,40,50,30,12,40,
838,0,トロッゴン,岩,炎,じょうききかん,ほのおのからだ,もらいび,80,60,90,60,70,50,78,80,
839,0,セキタンザン,岩,炎,じょうききかん,ほのおのからだ,もらいび,110,80,120,80,90,30,310.5,120,
840,0,カジッチュ,草,竜,じゅくせい,くいしんぼく,ぼうだん,40,40,80,40,40,20,0.5,20,
841,0,アップリュー,草,竜,じゅくせい,くいしんぼく,はりきり,70,110,80,95,60,70,1,20,
842,0,タルップル,草,竜,じゅくせい,くいしんぼく,あついしぼう,110,85,80,100,80,30,13,40,
843,0,スナヘビ,地,-,すなはき,だっぴ,すながくれ,52,57,75,35,50,46,7.6,20,
844,0,サダイジャ,地,-,すなはき,だっぴ,すながくれ,72,107,125,65,70,71,65.5,80,
845,0,ウッウ,飛,水,うのミサイル,-,うのミサイル,70,85,55,85,95,85,18,40,
846,0,サシカマス,水,-,すいすい,-,スクリューおびれ,41,63,40,40,30,66,1,20,
847,0,カマスジョー,水,-,すいすい,-,スクリューおびれ,61,123,60,60,50,136,30,60,
848,0,エレズン,毒,電,びびり,せいでんき,ぶきよう,40,38,35,54,35,40,11,40,
849,0,ストリンダー,毒,電,パンクロック,プラス,テクニシャン,75,98,70,114,70,75,40,80,
850,0,ヤクデ,炎,虫,もらいび,しろいけむり,ほのおのからだ,50,65,45,50,50,45,1,20,
851,0,マルヤクデ,炎,虫,もらいび,しろいけむり,ほのおのからだ,100,115,65,90,90,65,120,100,
852,0,タタッコ,格,-,じゅうなん,-,テクニシャン,50,68,60,50,50,32,4,20,
853,0,オトスパス,格,-,じゅうなん,-,テクニシャン,80,118,90,70,80,42,39,60,
854,0,ヤバチャ,霊,-,くだけるよろい,-,のろわれボディ,40,45,45,74,54,50,0.2,20,
855,0,ポットデス,霊,-,くだけるよろい,-,のろわれボディ,60,65,65,134,112,70,0.4,20,
856,0,ミブリム,超,-,いやしのこころ,きけんよち,マジックミラー,42,30,45,56,53,39,3.4,20,
857,0,テブリム,超,-,いやしのこころ,きけんよち,マジックミラー,57,40,65,86,73,49,4.8,20,
858,0,ブリムオン,超,妖,いやしのこころ,きけんよち,マジックミラー,57,90,95,136,103,29,5.1,20,
859,0,ベロバー,悪,妖,いたずらごころ,おみとおし,わるいてぐせ,45,45,30,55,40,50,5.5,20,
860,0,ギモー,悪,妖,いたずらごころ,おみとおし,わるいてぐせ,65,60,45,75,55,70,12.5,40,
861,0,オーロンゲ,悪,妖,いたずらごころ,おみとおし,わるいてぐせ,95,120,65,95,75,60,61,80,
862,0,タチフサグマ,悪,ノ,すてみ,こんじょう,まけんき,93,90,101,60,81,95,46,80,
863,0,ニャイキング,鋼,-,カブトアーマー,かたいツメ,はがねのせいしん,70,110,100,50,60,50,28,60,
864,0,サニゴーン,霊,-,くだけるよろい,-,ほろびのボディ,60,95,50,145,130,30,0.4,20,
865,0,ネギガナイト,格,-,ふくつのこころ,-,きもったま,62,135,95,68,82,65,117,100,
866,0,バリコオル,超,氷,ちどりあし,バリアフリー,アイスボディ,80,85,75,110,100,70,58.2,80,
867,0,デスバーン,霊,地,さまようたましい,-,さまようたましい,58,95,145,50,105,30,66.6,80,
868,0,マホミル,妖,-,スイートベール,-,アロマベール,45,40,40,50,61,34,0.3,20,
869,0,マホイップ,妖,-,スイートベール,-,アロマベール,65,60,75,110,121,64,0.5,20,
870,0,タイレーツ,格,-,カブトアーマー,-,まけんき,65,100,100,70,60,75,62,80,
871,0,バチンウニ,電,-,ひらいしん,-,エレキメイカー,48,101,95,91,85,15,1,20,
872,0,ユキハミ,氷,虫,りんぷん,-,こおりのでんぷん,30,25,35,45,30,20,3.8,20,
873,0,モスノウ,氷,虫,りんぷん,-,こおりのでんぷん,70,65,60,125,90,65,42,80,
874,0,イシヘンジン,岩,-,パワースポット,-,パワースポット,100,125,135,20,20,70,520,120,
875,0,コオリッポ,氷,-,アイスフェイス,-,アイスフェイス,75,80,110,65,90,50,89,80,
875,1,コオリッポ_ナイスフェイス,氷,-,アイスフェイス,-,アイスフェイス,75,80,70,65,50,130,89,80,
876,0,イエッサン_オス,超,ノ,せいしんりょく,シンクロ,サイコメーカー,60,65,55,105,95,95,28,60,
876,1,イエッサン_メス,超,ノ,マイペース,シンクロ,サイコメーカー,70,55,65,95,105,85,28,60,
877,0,モルペコ,電,悪,はらぺこスイッチ,-,はらぺこスイッチ,58,95,58,70,58,97,3,20,
878,0,ゾウドウ,鋼,-,ちからずく,-,ヘヴィメタル,72,80,49,40,49,40,100,100,
879,0,ダイオウドウ,鋼,-,ちからずく,-,ヘヴィメタル,122,130,69,80,69,30,650,120,
880,0,パッチラゴン,電,竜,ちくでん,はりきり,すなかき,90,100,90,80,70,75,190,100,
881,0,パッチルドン,電,氷,ちくでん,はりきり,ゆきかき,90,100,90,90,80,55,150,100,
882,0,ウオノラゴン,水,竜,ちょすい,がんじょうあご,すなかき,90,90,100,70,80,75,215,120,
883,0,ウオチルドン,水,氷,ちょすい,アイスボディ,ゆきかき,90,90,100,80,90,55,175,100,
884,0,ジュラルドン,鋼,竜,ライトメタル,ヘヴィメタル,すじがねいり,70,95,115,120,50,85,40,80,
885,0,ドラメシヤ,竜,霊,クリアボディ,すりぬけ,のろわれボディ,28,60,30,40,30,82,2,20,
886,0,ドロンチ,竜,霊,クリアボディ,すりぬけ,のろわれボディ,68,80,50,60,50,102,11,40,
887,0,ドラパルト,竜,霊,クリアボディ,すりぬけ,のろわれボディ,88,120,75,100,75,142,50,80,
888,0,ザシアン,妖,-,ふとうのけん,-,ふとうのけん,92,130,115,80,115,138,110,100,
888,0,ザシアン剣,妖,鋼,ふとうのけん,-,ふとうのけん,92,170,115,80,115,148,355,120,
889,0,ザマゼンタ,格,-,ふくつのたて,-,ふくつのたて,92,130,115,80,115,138,210,120,
889,0,ザマゼンタ盾,格,鋼,ふくつのたて,-,ふくつのたて,92,130,145,80,145,128,785,120,
890,0,ムゲンダイナ,毒,竜,プレッシャー,-,プレッシャー,140,85,95,145,95,130,950,120,
891,0,ダクマ,格,-,せいしんりょく,-,-,60,90,60,53,50,72,0,20,
892,0,ウーラオス_一撃,格,悪,ふかしのこぶし,-,-,100,130,100,63,60,97,12,40,
892,1,ウーラオス_連撃,格,水,ふかしのこぶし,-,-,100,130,100,63,60,97,105,100,
893,0,ザルード,悪,草,リーフガード,-,-,105,120,105,70,95,105,105,100,
894,0,レジエレキ,電,-,トランジスタ,-,-,80,100,50,100,50,200,70,80,
895,0,レジドラゴ,竜,-,りゅうのあぎと,-,-,200,100,50,100,50,80,145,100,
896,0,ブリザポス,氷,-,しろのいななき,-,-,100,145,130,65,110,30,200,120,
897,0,レイスポス,霊,-,くろのいななき,-,-,100,65,60,145,80,130,800,120,
898,0,バドレックス,超,草,きんちょうかん,-,-,100,80,80,80,80,80,44.5,80,
898,1,バドレックス_はくば,超,氷,じんばいったい,-,-,100,165,150,85,130,50,7.7,20,
898,2,バドレックス_こくば,超,霊,じんばいったい,-,-,100,85,80,165,100,150,809.1,120,
